-- ============================================================================
-- briefing_library_migration  (DRAFT — do not apply without Myke go)
-- Full migration of the Airtable Briefing Library (tbl4kbby85nx6Z891, 436 rows,
-- snapshot 2026-07-18) into Supabase, with linkage to faraday_domains,
-- faraday_subdomains, tracking_companies, and faraday_themes.
-- Source snapshots: docs/briefing-library-migration/*.json (this repo).
-- Mapping rules + code-update spec: docs/briefing-library-migration/README.md
-- Notes:
--  * Airtable statuses: Live / Draft / Coming Soon / 'Retired ' (trailing space
--    trimmed here). Snapshot contained only Coming Soon (357) + Draft (79).
--  * Attachments field was empty on all 436 rows -> attachments jsonb kept for
--    schema completeness, seeded '[]'.
--  * Company links are inserted only when the company exists in
--    tracking_companies (Airtable rec-ID keyed); misses land in unmapped_links.
--  * 'Jurisdiction Posture Intelligence (JPS)' sub-domain and 'The Rack
--    Revolution' theme have no canon code -> preserved in unmapped_links.
-- ============================================================================

begin;

create table if not exists faraday_briefings (
  briefing_id        integer primary key,          -- Airtable autoNumber "Briefing Id"
  airtable_record_id text not null unique,
  title              text not null,
  description        text,
  status             text not null default 'Draft'
                     check (status in ('Live','Draft','Coming Soon','Retired')),
  gamma_url          text,
  gamma_id           text,
  canonical_flag     text,
  download_count     integer not null default 0,
  go_live_date       date,
  attachments        jsonb not null default '[]'::jsonb,
  unmapped_links     jsonb not null default '{}'::jsonb,
  airtable_created_at timestamptz,
  created_at         timestamptz not null default now(),
  updated_at         timestamptz not null default now()
);

create table if not exists faraday_briefing_domains (
  briefing_id integer not null references faraday_briefings(briefing_id) on delete cascade,
  domain_code text    not null references faraday_domains(domain_code),
  primary key (briefing_id, domain_code)
);
create table if not exists faraday_briefing_subdomains (
  briefing_id    integer not null references faraday_briefings(briefing_id) on delete cascade,
  subdomain_code text    not null references faraday_subdomains(subdomain_code),
  primary key (briefing_id, subdomain_code)
);
create table if not exists faraday_briefing_companies (
  briefing_id integer not null references faraday_briefings(briefing_id) on delete cascade,
  company_id  text    not null references tracking_companies(company_id),
  primary key (briefing_id, company_id)
);
create table if not exists faraday_briefing_themes (
  briefing_id integer not null references faraday_briefings(briefing_id) on delete cascade,
  theme_code  text    not null references faraday_themes(theme_code),
  primary key (briefing_id, theme_code)
);

create index if not exists idx_briefings_status on faraday_briefings(status);
create index if not exists idx_briefing_subdomains_code on faraday_briefing_subdomains(subdomain_code);
create index if not exists idx_briefing_companies_company on faraday_briefing_companies(company_id);

-- ── Seed: briefings (436 rows) ──────────────────────────────────────────────
insert into faraday_briefings
  (briefing_id, airtable_record_id, title, description, status, gamma_url,
   gamma_id, canonical_flag, download_count, go_live_date, airtable_created_at)
values
(206, 'rec01AghqTbLhPJuE', 'Coming Soon — Engineered Fluids', 'Placeholder — briefing forthcoming for this company.', 'Coming Soon', null, null, 'Placeholder', 0, null, '2026-06-20T03:35:17.000Z'),
(147, 'rec08qedGvDEsbsTL', 'Coming Soon — China Mobile International', 'Placeholder — briefing forthcoming for this company.', 'Coming Soon', null, null, 'Placeholder', 0, null, '2026-06-20T03:33:45.000Z'),
(247, 'rec0M8NsMjYs7cTRk', 'Coming Soon — HUMAIN (Saudi Arabia)', 'Placeholder — briefing forthcoming for this company.', 'Coming Soon', null, null, 'Placeholder', 0, null, '2026-06-20T03:36:49.000Z'),
(186, 'rec11jOHLqwF4fovU', 'Coming Soon — Digital Parks Africa', 'Placeholder — briefing forthcoming for this company.', 'Coming Soon', null, null, 'Placeholder', 0, null, '2026-06-20T03:35:17.000Z'),
(94, 'rec19RAWEHdmyhDHk', 'Coming Soon — Africa Data Centres', 'Placeholder — briefing forthcoming for this company.', 'Coming Soon', null, null, 'Placeholder', 0, null, '2026-06-20T03:32:09.000Z'),
(317, 'rec1F7IeBUYuhVWGx', 'Coming Soon — NTT/RagingWire Data Centers', 'Placeholder — briefing forthcoming for this company.', 'Coming Soon', null, null, 'Placeholder', 0, null, '2026-06-20T03:40:44.000Z'),
(57, 'rec1GfBAAln6ZSW0q', 'Coming Soon — Rack Density & Power Density Progression', 'Placeholder — briefing forthcoming for this sub-domain.', 'Draft', null, null, 'Placeholder', 0, null, '2026-06-20T03:22:09.000Z'),
(29, 'rec1IIKSa2cl80Ryj', 'Coming Soon — Interconnection Queue & Grid Access', 'Placeholder — briefing forthcoming for this sub-domain.', 'Draft', null, null, 'Placeholder', 0, null, '2026-06-20T03:21:11.000Z'),
(373, 'rec1Ie4BoSPwXHHyQ', 'Coming Soon — SoftBank Group', 'Placeholder — briefing forthcoming for this company.', 'Coming Soon', null, null, 'Placeholder', 0, null, '2026-06-20T03:42:15.000Z'),
(177, 'rec1OCtvwkTyZNTTO', 'Coming Soon — Datacenter United', 'Placeholder — briefing forthcoming for this company.', 'Coming Soon', null, null, 'Placeholder', 0, null, '2026-06-20T03:33:45.000Z'),
(413, 'rec1RDUvV3UUnXOOJ', 'Coming Soon — Turner Construction', 'Placeholder — briefing forthcoming for this company.', 'Coming Soon', null, null, 'Placeholder', 0, null, '2026-06-20T03:43:44.000Z'),
(328, 'rec1Vt6WexaZB9tVN', 'Coming Soon — Oppidan Investment Company', 'Placeholder — briefing forthcoming for this company.', 'Coming Soon', null, null, 'Placeholder', 0, null, '2026-06-20T03:40:44.000Z'),
(239, 'rec1oq2pcnhyoUHSZ', 'Coming Soon — Hammond Power Solutions', 'Placeholder — briefing forthcoming for this company.', 'Coming Soon', null, null, 'Placeholder', 0, null, '2026-06-20T03:36:49.000Z'),
(256, 'rec1vcDvHBD5rW13Q', 'Coming Soon — Inspur', 'Placeholder — briefing forthcoming for this company.', 'Coming Soon', null, null, 'Placeholder', 0, null, '2026-06-20T03:36:49.000Z'),
(209, 'rec2MrUZOyETjqIs1', 'Coming Soon — Entergy', 'Placeholder — briefing forthcoming for this company.', 'Coming Soon', null, null, 'Placeholder', 0, null, '2026-06-20T03:35:17.000Z'),
(11, 'rec2NAUuK4qBerBXR', '8 Structural Shifts Reshaping Data Center Infrastructure', 'Structural overview of eight forces reshaping AI data center infrastructure.', 'Draft', 'https://gamma.app/docs/8-STRUCTURAL-SHIFTS-RESHAPING-DATA-CENTER-INFRASTRUCTURE-q2ncxsmkwcxge0h', 'g_mm9tf7nylyz06a2', 'Yes', 0, null, '2026-06-20T02:59:59.000Z'),
(88, 'rec2OxaHkfemi2q0y', 'Coming Soon — Actis', 'Placeholder — briefing forthcoming for this company.', 'Coming Soon', null, null, 'Placeholder', 0, null, '2026-06-20T03:32:09.000Z'),
(336, 'rec2YpYnB88E4vpaG', 'Coming Soon — PIF (Saudi Public Investment Fund)', 'Placeholder — briefing forthcoming for this company.', 'Coming Soon', null, null, 'Placeholder', 0, null, '2026-06-20T03:42:15.000Z'),
(119, 'rec2v3eiNFwdBlDdv', 'Coming Soon — Atos', 'Placeholder — briefing forthcoming for this company.', 'Coming Soon', null, null, 'Placeholder', 0, null, '2026-06-20T03:32:09.000Z'),
(356, 'rec2wJ3kD8I3Qd43o', 'Coming Soon — Resonac Holdings', 'Placeholder — briefing forthcoming for this company.', 'Coming Soon', null, null, 'Placeholder', 0, null, '2026-06-20T03:42:15.000Z'),
(151, 'rec35QhhR8JPnlBKS', 'Coming Soon — Cibicom', 'Placeholder — briefing forthcoming for this company.', 'Coming Soon', null, null, 'Placeholder', 0, null, '2026-06-20T03:33:45.000Z'),
(243, 'rec35aWz1cLC2jzfD', 'Coming Soon — Hitachi Energy', 'Placeholder — briefing forthcoming for this company.', 'Coming Soon', null, null, 'Placeholder', 0, null, '2026-06-20T03:36:49.000Z'),
(44, 'rec37a3yX0FHOP9DF', 'Coming Soon — Business Continuity & Disaster Recovery Practice', 'Placeholder — briefing forthcoming for this sub-domain.', 'Draft', null, null, 'Placeholder', 0, null, '2026-06-20T03:21:11.000Z'),
(181, 'rec380lJtG6VVWTOd', 'Coming Soon — DE-CIX', 'Placeholder — briefing forthcoming for this company.', 'Coming Soon', null, null, 'Placeholder', 0, null, '2026-06-20T03:35:17.000Z'),
(354, 'rec3HzsNbCgueyTGm', 'Coming Soon — Redapt', 'Placeholder — briefing forthcoming for this company.', 'Coming Soon', null, null, 'Placeholder', 0, null, '2026-06-20T03:42:15.000Z'),
(60, 'rec3Kpgg05IGncBf8', 'Coming Soon — State Moratorium & Legislative Landscape', 'Placeholder — briefing forthcoming for this sub-domain.', 'Draft', null, null, 'Placeholder', 0, null, '2026-06-20T03:22:09.000Z'),
(341, 'rec3WnghlLa4fie1q', 'Coming Soon — Prime Data Centers', 'Placeholder — briefing forthcoming for this company.', 'Coming Soon', null, null, 'Placeholder', 0, null, '2026-06-20T03:42:15.000Z'),
(255, 'rec3a231kZvZLE48b', 'Coming Soon — Infineon Technologies', 'Placeholder — briefing forthcoming for this company.', 'Coming Soon', null, null, 'Placeholder', 0, null, '2026-06-20T03:36:49.000Z'),
(248, 'rec44NTJJuhw2ytPL', 'Coming Soon — HUMAIN / stc center3 JV', 'Placeholder — briefing forthcoming for this company.', 'Coming Soon', null, null, 'Placeholder', 0, null, '2026-06-20T03:36:49.000Z'),
(339, 'rec4QvOcsXrFJwFce', 'Coming Soon — Powell Industries', 'Placeholder — briefing forthcoming for this company.', 'Coming Soon', null, null, 'Placeholder', 0, null, '2026-06-20T03:42:15.000Z'),
(299, 'rec4U9X7AJTuLsrfA', 'Coming Soon — MTN Business', 'Placeholder — briefing forthcoming for this company.', 'Coming Soon', null, null, 'Placeholder', 0, null, '2026-06-20T03:40:44.000Z'),
(352, 'rec4dc3Dc829NHzl4', 'Coming Soon — Rain AI', 'Placeholder — briefing forthcoming for this company.', 'Coming Soon', null, null, 'Placeholder', 0, null, '2026-06-20T03:42:15.000Z'),
(168, 'rec4mbhzvPzypxQ3T', 'Coming Soon — Crusoe', 'Placeholder — briefing forthcoming for this company.', 'Coming Soon', null, null, 'Placeholder', 0, null, '2026-06-20T03:33:45.000Z'),
(102, 'rec50hzpJKLL0CctI', 'Coming Soon — Amazon (AWS)', 'Placeholder — briefing forthcoming for this company.', 'Coming Soon', null, null, 'Placeholder', 0, null, '2026-06-20T03:32:09.000Z'),
(274, 'rec5CeMRklDRheFgi', 'Coming Soon — LightEdge Solutions', 'Placeholder — briefing forthcoming for this company.', 'Coming Soon', null, null, 'Placeholder', 0, null, '2026-06-20T03:36:49.000Z'),
(309, 'rec5Ku7HpWf87M3SX', 'Coming Soon — Nlyte Software', 'Placeholder — briefing forthcoming for this company.', 'Coming Soon', null, null, 'Placeholder', 0, null, '2026-06-20T03:40:44.000Z'),
(377, 'rec5Oz8dESMPXTdh1', 'Coming Soon — Stackinfrastructure', 'Placeholder — briefing forthcoming for this company.', 'Coming Soon', null, null, 'Placeholder', 0, null, '2026-06-20T03:42:15.000Z'),
(163, 'rec5iEBuKlxD6sAZu', 'Coming Soon — COPT', 'Placeholder — briefing forthcoming for this company.', 'Coming Soon', null, null, 'Placeholder', 0, null, '2026-06-20T03:33:45.000Z'),
(275, 'rec5ijrmTRaKMlhAM', 'Coming Soon — LiquidCool Solutions', 'Placeholder — briefing forthcoming for this company.', 'Coming Soon', null, null, 'Placeholder', 0, null, '2026-06-20T03:36:49.000Z'),
(371, 'rec65uYQurgsClQJf', 'Coming Soon — SK Telecom (SKT)', 'Placeholder — briefing forthcoming for this company.', 'Coming Soon', null, null, 'Placeholder', 0, null, '2026-06-20T03:42:15.000Z'),
(412, 'rec6hePO2ahoVZGzy', 'Coming Soon — TURKCELL', 'Placeholder — briefing forthcoming for this company.', 'Coming Soon', null, null, 'Placeholder', 0, null, '2026-06-20T03:43:44.000Z'),
(106, 'rec6o1cW0Gd2IyuH7', 'Coming Soon — Anthropic', 'Placeholder — briefing forthcoming for this company.', 'Coming Soon', null, null, 'Placeholder', 0, null, '2026-06-20T03:32:09.000Z'),
(230, 'rec76pKMoP33UZYYC', 'Coming Soon — Global Technical Realty', 'Placeholder — briefing forthcoming for this company.', 'Coming Soon', null, null, 'Placeholder', 0, null, '2026-06-20T03:36:49.000Z'),
(89, 'rec7Fdlkmh58QzUZj', 'Coming Soon — Ada Infrastructure', 'Placeholder — briefing forthcoming for this company.', 'Coming Soon', null, null, 'Placeholder', 0, null, '2026-06-20T03:32:09.000Z'),
(287, 'rec7UlwI3RgXT9dzA', 'Coming Soon — Menlo Equities', 'Placeholder — briefing forthcoming for this company.', 'Coming Soon', null, null, 'Placeholder', 0, null, '2026-06-20T03:40:44.000Z'),
(71, 'rec7ZhcY2zRbpfzPx', 'Coming Soon — Jurisdiction Posture Intelligence (JPS)', 'Placeholder — briefing forthcoming for this sub-domain.', 'Draft', null, null, 'Placeholder', 0, null, '2026-06-20T03:22:09.000Z'),
(103, 'rec7q6zhtwnlpm1iA', 'Coming Soon — AMD', 'Placeholder — briefing forthcoming for this company.', 'Coming Soon', null, null, 'Placeholder', 0, null, '2026-06-20T03:32:09.000Z'),
(215, 'rec8jyxr3PTudxYRl', 'Coming Soon — evroc', 'Placeholder — briefing forthcoming for this company.', 'Coming Soon', null, null, 'Placeholder', 0, null, '2026-06-20T03:35:17.000Z'),
(8, 'rec8vPBEouiW1nr8h', 'Schneider Electric — EcoStruxure as the Operating System for AI Infrastructure', 'Company thesis positioning Schneider''s EcoStruxure as the grid-to-chip software layer.', 'Draft', 'https://gamma.app/docs/Schneider-Electric-EcoStruxure-as-the-Operating-System-for-AI-I-rbx034cft5c1h7n', 'g_gdh4dyy452co8t7', 'Yes', 0, null, '2026-06-20T02:59:59.000Z'),
(122, 'rec90p0amW9XaMdFa', 'Coming Soon — Baidu AI Cloud', 'Placeholder — briefing forthcoming for this company.', 'Coming Soon', null, null, 'Placeholder', 0, null, '2026-06-20T03:32:09.000Z'),
(41, 'rec99QGHxgT75UjzY', 'Coming Soon — Site Selection Criteria & Market Scoring', 'Placeholder — briefing forthcoming for this sub-domain.', 'Draft', null, null, 'Placeholder', 0, null, '2026-06-20T03:21:11.000Z'),
(34, 'rec9D8LpJbd26ldHX', 'Coming Soon — Tax-Driven Deal Structuring', 'Placeholder — briefing forthcoming for this sub-domain.', 'Draft', null, null, 'Placeholder', 0, null, '2026-06-20T03:21:11.000Z'),
(112, 'rec9HvUVQttsveBaH', 'Coming Soon — Arieca', 'Placeholder — briefing forthcoming for this company.', 'Coming Soon', null, null, 'Placeholder', 0, null, '2026-06-20T03:32:09.000Z'),
(225, 'rec9K7VvKP3IQn5p8', 'Coming Soon — Gaw Capital Partners', 'Placeholder — briefing forthcoming for this company.', 'Coming Soon', null, null, 'Placeholder', 0, null, '2026-06-20T03:35:17.000Z'),
(45, 'rec9MpPnjS2YO9SaD', 'Coming Soon — OT / ICS / SCADA Cybersecurity', 'Placeholder — briefing forthcoming for this sub-domain.', 'Draft', null, null, 'Placeholder', 0, null, '2026-06-20T03:21:11.000Z'),
(355, 'rec9Sa5kYxQ5kYCQ8', 'Coming Soon — Reliance Communications', 'Placeholder — briefing forthcoming for this company.', 'Coming Soon', null, null, 'Placeholder', 0, null, '2026-06-20T03:42:15.000Z'),
(28, 'rec9cPYpx7u31fkyL', 'Coming Soon — Utility Rate Cases & PUC Proceedings', 'Placeholder — briefing forthcoming for this sub-domain.', 'Draft', null, null, 'Placeholder', 0, null, '2026-06-20T03:21:11.000Z'),
(223, 'rec9d3jWCfWKR5ADT', 'Coming Soon — Galaxy Data Centers', 'Placeholder — briefing forthcoming for this company.', 'Coming Soon', null, null, 'Placeholder', 0, null, '2026-06-20T03:35:17.000Z'),
(278, 'rec9dEAVLCZZVR8M0', 'Coming Soon — Lotte Data Communications', 'Placeholder — briefing forthcoming for this company.', 'Coming Soon', null, null, 'Placeholder', 0, null, '2026-06-20T03:36:49.000Z'),
(124, 'rec9lisAn5HajXKRx', 'Coming Soon — Beale Infrastructure', 'Placeholder — briefing forthcoming for this company.', 'Coming Soon', null, null, 'Placeholder', 0, null, '2026-06-20T03:32:09.000Z'),
(304, 'recA39gzyOTrWnNoh', 'Coming Soon — Nebius', 'Placeholder — briefing forthcoming for this company.', 'Coming Soon', null, null, 'Placeholder', 0, null, '2026-06-20T03:40:44.000Z'),
(311, 'recA4Uqr0uhE4QnX0', 'Coming Soon — Noris Network', 'Placeholder — briefing forthcoming for this company.', 'Coming Soon', null, null, 'Placeholder', 0, null, '2026-06-20T03:40:44.000Z'),
(176, 'recAHa9zFryevYAdO', 'Coming Soon — DataBank', 'Placeholder — briefing forthcoming for this company.', 'Coming Soon', null, null, 'Placeholder', 0, null, '2026-06-20T03:33:45.000Z'),
(97, 'recASvdvblR87Ueco', 'Coming Soon — Airtel Nxtra', 'Placeholder — briefing forthcoming for this company.', 'Coming Soon', null, null, 'Placeholder', 0, null, '2026-06-20T03:32:09.000Z'),
(264, 'recAT2KNw0cmo1SYh', 'Coming Soon — JetCool', 'Placeholder — briefing forthcoming for this company.', 'Coming Soon', null, null, 'Placeholder', 0, null, '2026-06-20T03:36:49.000Z'),
(261, 'recAVawkqWxyS2ggI', 'Coming Soon — Iron Mountain Data Centers', 'Placeholder — briefing forthcoming for this company.', 'Coming Soon', null, null, 'Placeholder', 0, null, '2026-06-20T03:36:49.000Z'),
(231, 'recAYwkgYdIdUExrB', 'Coming Soon — Goldman Sachs Alternatives', 'Placeholder — briefing forthcoming for this company.', 'Coming Soon', null, null, 'Placeholder', 0, null, '2026-06-20T03:36:49.000Z'),
(33, 'recAZcjp6V1SUPxfC', 'Coming Soon — DC REIT Performance & Valuation', 'Placeholder — briefing forthcoming for this sub-domain.', 'Draft', null, null, 'Placeholder', 0, null, '2026-06-20T03:21:11.000Z'),
(24, 'recAgsWEv6wkpLUlF', 'Coming Soon — GPU Utilization & Compute Scheduling Economics', 'Placeholder — briefing forthcoming for this sub-domain.', 'Draft', null, null, 'Placeholder', 0, null, '2026-06-20T03:21:11.000Z'),
(217, 'recAlCn9Mm6iN5rjh', 'Coming Soon — First Colo', 'Placeholder — briefing forthcoming for this company.', 'Coming Soon', null, null, 'Placeholder', 0, null, '2026-06-20T03:35:17.000Z'),
(200, 'recAmnqVqOhtvD0Y9', 'Coming Soon — EdgeCore Internet Real Estate', 'Placeholder — briefing forthcoming for this company.', 'Coming Soon', null, null, 'Placeholder', 0, null, '2026-06-20T03:35:17.000Z'),
(134, 'recAtxcrbR9xzzNRL', 'Coming Soon — Brookfield Asset Management', 'Placeholder — briefing forthcoming for this company.', 'Coming Soon', null, null, 'Placeholder', 0, null, '2026-06-20T03:33:45.000Z'),
(35, 'recB3wgiENoojfAKP', 'Coming Soon — Conference Intelligence & Speaking Circuit', 'Placeholder — briefing forthcoming for this sub-domain.', 'Draft', null, null, 'Placeholder', 0, null, '2026-06-20T03:21:11.000Z'),
(434, 'recBB9KtFI1wkNbWV', 'Coming Soon — YTL Data Centre Holdings', 'Placeholder — briefing forthcoming for this company.', 'Coming Soon', null, null, 'Placeholder', 0, null, '2026-06-20T03:44:11.000Z'),
(249, 'recBIGX58791UpRwv', 'Coming Soon — Hyperscale Data Inc', 'Placeholder — briefing forthcoming for this company.', 'Coming Soon', null, null, 'Placeholder', 0, null, '2026-06-20T03:36:49.000Z'),
(320, 'recBOkwSzokPjIggc', 'Coming Soon — NYISO', 'Placeholder — briefing forthcoming for this company.', 'Coming Soon', null, null, 'Placeholder', 0, null, '2026-06-20T03:40:44.000Z'),
(295, 'recCD2Gl1Em52IL8y', 'Coming Soon — Morohub', 'Placeholder — briefing forthcoming for this company.', 'Coming Soon', null, null, 'Placeholder', 0, null, '2026-06-20T03:40:44.000Z'),
(347, 'recCKNcsErMyUc4Dt', 'Coming Soon — Quantum Switch', 'Placeholder — briefing forthcoming for this company.', 'Coming Soon', null, null, 'Placeholder', 0, null, '2026-06-20T03:42:15.000Z'),
(394, 'recCNEalxSZXkQkdW', 'Coming Soon — Telecom Egypt', 'Placeholder — briefing forthcoming for this company.', 'Coming Soon', null, null, 'Placeholder', 0, null, '2026-06-20T03:43:44.000Z'),
(395, 'recCaiGjnQfJo41NW', 'Coming Soon — Telehouse Canada', 'Placeholder — briefing forthcoming for this company.', 'Coming Soon', null, null, 'Placeholder', 0, null, '2026-06-20T03:43:44.000Z'),
(250, 'recCb5vUc7OYxR9U5', 'Coming Soon — Hyperview', 'Placeholder — briefing forthcoming for this company.', 'Coming Soon', null, null, 'Placeholder', 0, null, '2026-06-20T03:36:49.000Z'),
(114, 'recCbRZuvOnYK2AOt', 'Coming Soon — Aruba.it', 'Placeholder — briefing forthcoming for this company.', 'Coming Soon', null, null, 'Placeholder', 0, null, '2026-06-20T03:32:09.000Z'),
(78, 'recCe4V9lZ80mWIu4', 'Coming Soon — AI Factory Orchestration & DCIM', 'Placeholder — briefing forthcoming for this sub-domain.', 'Draft', null, null, 'Placeholder', 0, null, '2026-06-20T03:22:09.000Z'),
(138, 'recCmDggalHsDq0J7', 'Coming Soon — CAISO', 'Placeholder — briefing forthcoming for this company.', 'Coming Soon', null, null, 'Placeholder', 0, null, '2026-06-20T03:33:45.000Z'),
(404, 'recCotMEDiTfOCAOS', 'Coming Soon — TierPoint', 'Placeholder — briefing forthcoming for this company.', 'Coming Soon', null, null, 'Placeholder', 0, null, '2026-06-20T03:43:44.000Z'),
(84, 'recCw0Kj9HAXjpi7T', 'Coming Soon — 365 Data Centers', 'Placeholder — briefing forthcoming for this company.', 'Coming Soon', null, null, 'Placeholder', 0, null, '2026-06-20T03:32:09.000Z'),
(253, 'recCxUAHYRZkir2zI', 'Coming Soon — iM Critical', 'Placeholder — briefing forthcoming for this company.', 'Coming Soon', null, null, 'Placeholder', 0, null, '2026-06-20T03:36:49.000Z'),
(39, 'recD1QuT4VRyFrmDy', 'Coming Soon — Clean Energy Procurement (PPA/REC/CFE)', 'Placeholder — briefing forthcoming for this sub-domain.', 'Draft', null, null, 'Placeholder', 0, null, '2026-06-20T03:21:11.000Z'),
(198, 'recDRZF9lX2S3njIP', 'Coming Soon — EcoDataCenter', 'Placeholder — briefing forthcoming for this company.', 'Coming Soon', null, null, 'Placeholder', 0, null, '2026-06-20T03:35:17.000Z'),
(265, 'recDYbFgrxRYjB01h', 'Coming Soon — JLL', 'Placeholder — briefing forthcoming for this company.', 'Coming Soon', null, null, 'Placeholder', 0, null, '2026-06-20T03:36:49.000Z'),
(331, 'recDmWISAsLGDq1Dg', 'Coming Soon — Oracle', 'Placeholder — briefing forthcoming for this company.', 'Coming Soon', null, null, 'Placeholder', 0, null, '2026-06-20T03:42:15.000Z'),
(357, 'recDwTjoggXZR74dM', 'Coming Soon — Rittal', 'Placeholder — briefing forthcoming for this company.', 'Coming Soon', null, null, 'Placeholder', 0, null, '2026-06-20T03:42:15.000Z'),
(244, 'recEAElBA12kn0HKq', 'Coming Soon — Hitachi Vantara', 'Placeholder — briefing forthcoming for this company.', 'Coming Soon', null, null, 'Placeholder', 0, null, '2026-06-20T03:36:49.000Z'),
(240, 'recEAF21exRfX5Qyt', 'Coming Soon — Heliox', 'Placeholder — briefing forthcoming for this company.', 'Coming Soon', null, null, 'Placeholder', 0, null, '2026-06-20T03:36:49.000Z'),
(426, 'recES6yUWR1IMGbu2', 'Coming Soon — Williams Companies', 'Placeholder — briefing forthcoming for this company.', 'Coming Soon', null, null, 'Placeholder', 0, null, '2026-06-20T03:43:44.000Z'),
(349, 'recEgNGEUCFVSqR1K', 'Coming Soon — Racks Central', 'Placeholder — briefing forthcoming for this company.', 'Coming Soon', null, null, 'Placeholder', 0, null, '2026-06-20T03:42:15.000Z'),
(64, 'recEowstrxIqAAPBd', 'Coming Soon — Enterprise IT Cybersecurity & Cloud Security', 'Placeholder — briefing forthcoming for this sub-domain.', 'Draft', null, null, 'Placeholder', 0, null, '2026-06-20T03:22:09.000Z'),
(2, 'recF9TEHWsEOM1NEz', 'Iron Mountain — The Hybrid Infrastructure Thesis', 'Thesis on Iron Mountain''s pivot from records storage into hybrid data center infrastructure.', 'Draft', 'https://gamma.app/docs/Iron-Mountain-The-Hybrid-Infrastructure-Thesis-3hwt8kq8n15lr1d', 'g_cuno1wywa393jgv', 'Yes', 0, null, '2026-06-20T02:59:59.000Z'),
(162, 'recFKJvANGRKn4FGl', 'Coming Soon — Converge ICT Solutions', 'Placeholder — briefing forthcoming for this company.', 'Coming Soon', null, null, 'Placeholder', 0, null, '2026-06-20T03:33:45.000Z'),
(68, 'recFL4XZqyNxj8Q0X', 'Coming Soon — 800V DC Power Distribution', 'Placeholder — briefing forthcoming for this sub-domain.', 'Draft', null, null, 'Placeholder', 0, null, '2026-06-20T03:22:09.000Z'),
(120, 'recFRPJKxSw6RGsJD', 'Coming Soon — Auras Technology', 'Placeholder — briefing forthcoming for this company.', 'Coming Soon', null, null, 'Placeholder', 0, null, '2026-06-20T03:32:09.000Z'),
(70, 'recFSkadIniiu1Sof', 'Coming Soon — GC/EPC Capacity & Construction Execution', 'Placeholder — briefing forthcoming for this sub-domain.', 'Draft', null, null, 'Placeholder', 0, null, '2026-06-20T03:22:09.000Z'),
(144, 'recFaVZLzz4duJ7Fm', 'Coming Soon — CBRE', 'Placeholder — briefing forthcoming for this company.', 'Coming Soon', null, null, 'Placeholder', 0, null, '2026-06-20T03:33:45.000Z'),
(260, 'recFbxgjOSnQUUQvr', 'Coming Soon — Iron Mountain', 'Placeholder — briefing forthcoming for this company.', 'Coming Soon', null, null, 'Placeholder', 0, null, '2026-06-20T03:36:49.000Z'),
(178, 'recFg2WJfsCYHzvDi', 'Coming Soon — Dawiyat', 'Placeholder — briefing forthcoming for this company.', 'Coming Soon', null, null, 'Placeholder', 0, null, '2026-06-20T03:33:45.000Z'),
(10, 'recFnuCyPT7U2YVD0', 'Accenture — Data Center Operating System: A String of Pearls', 'Thesis on Accenture''s acquisitive build of a data center operating system.', 'Draft', 'https://gamma.app/docs/Accentures-Data-Center-Operating-System-A-String-of-Pearls-p05hnc8e7ug64g3', 'g_uhxh4f5x9axm1bo', 'Yes', 0, null, '2026-06-20T02:59:59.000Z'),
(367, 'recGb3F6T9G4z6GXb', 'Coming Soon — ServerFarm', 'Placeholder — briefing forthcoming for this company.', 'Coming Soon', null, null, 'Placeholder', 0, null, '2026-06-20T03:42:15.000Z'),
(335, 'recGs6q2WZJm0QcOl', 'Coming Soon — PhoenixNAP', 'Placeholder — briefing forthcoming for this company.', 'Coming Soon', null, null, 'Placeholder', 0, null, '2026-06-20T03:42:15.000Z'),
(125, 'recH7HmholwCxn4Gn', 'Coming Soon — Bechtel Nuclear', 'Placeholder — briefing forthcoming for this company.', 'Coming Soon', null, null, 'Placeholder', 0, null, '2026-06-20T03:32:09.000Z'),
(73, 'recHAAJ0BHYL0y8UJ', 'Coming Soon — PE & Infrastructure Fund Activity', 'Placeholder — briefing forthcoming for this sub-domain.', 'Draft', null, null, 'Placeholder', 0, null, '2026-06-20T03:22:09.000Z'),
(61, 'recHF4ZZO9KGT3GTS', 'Coming Soon — Water Use & Waterless Cooling Strategies', 'Placeholder — briefing forthcoming for this sub-domain.', 'Draft', null, null, 'Placeholder', 0, null, '2026-06-20T03:22:09.000Z'),
(233, 'recHGXZOQcvBRNecD', 'Coming Soon — Google DeepMind', 'Placeholder — briefing forthcoming for this company.', 'Coming Soon', null, null, 'Placeholder', 0, null, '2026-06-20T03:36:49.000Z'),
(23, 'recHKh3LDlcDUbNgH', 'Coming Soon — Major Outage Postmortems', 'Placeholder — briefing forthcoming for this sub-domain.', 'Draft', null, null, 'Placeholder', 0, null, '2026-06-20T03:21:11.000Z'),
(401, 'recHXPGgxmoPi8J1I', 'Coming Soon — TeraWulf Inc', 'Placeholder — briefing forthcoming for this company.', 'Coming Soon', null, null, 'Placeholder', 0, null, '2026-06-20T03:43:44.000Z'),
(314, 'recHaousUI66aTghB', 'Coming Soon — Nscale', 'Placeholder — briefing forthcoming for this company.', 'Coming Soon', null, null, 'Placeholder', 0, null, '2026-06-20T03:40:44.000Z'),
(403, 'recHcW6jDlHJyUplR', 'Coming Soon — Thesee DataCenter', 'Placeholder — briefing forthcoming for this company.', 'Coming Soon', null, null, 'Placeholder', 0, null, '2026-06-20T03:43:44.000Z'),
(424, 'recHcjbjnM2m7dIXh', 'Coming Soon — VoltaGrid', 'Placeholder — briefing forthcoming for this company.', 'Coming Soon', null, null, 'Placeholder', 0, null, '2026-06-20T03:43:44.000Z'),
(372, 'recHh6RxY3EgxzhWa', 'Coming Soon — SmartD Technologies', 'Placeholder — briefing forthcoming for this company.', 'Coming Soon', null, null, 'Placeholder', 0, null, '2026-06-20T03:42:15.000Z'),
(199, 'recHjpTpnmTqwrLyy', 'Coming Soon — EDC/Edged', 'Placeholder — briefing forthcoming for this company.', 'Coming Soon', null, null, 'Placeholder', 0, null, '2026-06-20T03:35:17.000Z'),
(310, 'recHtTwiH7ZanspVs', 'Coming Soon — Noovle', 'Placeholder — briefing forthcoming for this company.', 'Coming Soon', null, null, 'Placeholder', 0, null, '2026-06-20T03:40:44.000Z'),
(285, 'recHz6cVl6K9xeANB', 'Coming Soon — Marsh', 'Placeholder — briefing forthcoming for this company.', 'Coming Soon', null, null, 'Placeholder', 0, null, '2026-06-20T03:40:44.000Z'),
(188, 'recI874Cwzau1W9Hy', 'Coming Soon — Digital Realty Bersama', 'Placeholder — briefing forthcoming for this company.', 'Coming Soon', null, null, 'Placeholder', 0, null, '2026-06-20T03:35:17.000Z'),
(400, 'recI9MTytjbBRKMPC', 'Coming Soon — Tencent Cloud', 'Placeholder — briefing forthcoming for this company.', 'Coming Soon', null, null, 'Placeholder', 0, null, '2026-06-20T03:43:44.000Z'),
(4, 'recIXg6yYr6MNIJGm', 'CoreWeave — From Ethereum Miners to the Fastest Cloud in History', 'Company thesis tracing CoreWeave''s rise from crypto mining to leading AI hyperscaler.', 'Draft', 'https://gamma.app/docs/Coreweave-The-AI-Hyperscaler-From-Ethereum-Miners-to-the-Fastes-tp692b8hv17u5x2', 'g_xqjigdjgs5u6lao', 'Yes', 0, null, '2026-06-20T02:59:59.000Z'),
(139, 'recIbJ05wTuILBVo0', 'Coming Soon — Calyos', 'Placeholder — briefing forthcoming for this company.', 'Coming Soon', null, null, 'Placeholder', 0, null, '2026-06-20T03:33:45.000Z'),
(259, 'recIcyLaho6CwBgFs', 'Coming Soon — iomart', 'Placeholder — briefing forthcoming for this company.', 'Coming Soon', null, null, 'Placeholder', 0, null, '2026-06-20T03:36:49.000Z'),
(184, 'recIjVpogM2dv1XdH', 'Coming Soon — DELSKA', 'Placeholder — briefing forthcoming for this company.', 'Coming Soon', null, null, 'Placeholder', 0, null, '2026-06-20T03:35:17.000Z'),
(117, 'recJ0HRy8iC1dOuq1', 'Coming Soon — Asterion Industrial Partners', 'Placeholder — briefing forthcoming for this company.', 'Coming Soon', null, null, 'Placeholder', 0, null, '2026-06-20T03:32:09.000Z'),
(99, 'recJ27VFllYRsYDQc', 'Coming Soon — Alibaba Cloud', 'Placeholder — briefing forthcoming for this company.', 'Coming Soon', null, null, 'Placeholder', 0, null, '2026-06-20T03:32:09.000Z'),
(126, 'recJI6q1MYGfW3W7Z', 'Coming Soon — Beyond.pl', 'Placeholder — briefing forthcoming for this company.', 'Coming Soon', null, null, 'Placeholder', 0, null, '2026-06-20T03:32:09.000Z'),
(100, 'recJKL5c1WEk0wqsQ', 'Coming Soon — Aligned Data Centers', 'Placeholder — briefing forthcoming for this company.', 'Coming Soon', null, null, 'Placeholder', 0, null, '2026-06-20T03:32:09.000Z'),
(226, 'recJNWtaIYcC7vtiU', 'Coming Soon — GE Vernova', 'Placeholder — briefing forthcoming for this company.', 'Coming Soon', null, null, 'Placeholder', 0, null, '2026-06-20T03:35:17.000Z'),
(435, 'recJai78MSAiAqCju', 'Coming Soon — Zayo Group', 'Placeholder — briefing forthcoming for this company.', 'Coming Soon', null, null, 'Placeholder', 0, null, '2026-06-20T03:44:11.000Z'),
(183, 'recJgW0g3JMR8mIQb', 'Coming Soon — Dell Technologies', 'Placeholder — briefing forthcoming for this company.', 'Coming Soon', null, null, 'Placeholder', 0, null, '2026-06-20T03:35:17.000Z'),
(361, 'recJkyGAnJ5k5NNwI', 'Coming Soon — Samsung Foundry', 'Placeholder — briefing forthcoming for this company.', 'Coming Soon', null, null, 'Placeholder', 0, null, '2026-06-20T03:42:15.000Z'),
(351, 'recJs80v41tGtI8Zu', 'Coming Soon — Radiant (Brookfield)', 'Placeholder — briefing forthcoming for this company.', 'Coming Soon', null, null, 'Placeholder', 0, null, '2026-06-20T03:42:15.000Z'),
(300, 'recJvqcRt3i3uj6Bu', 'Coming Soon — MYS AssetCo', 'Placeholder — briefing forthcoming for this company.', 'Coming Soon', null, null, 'Placeholder', 0, null, '2026-06-20T03:40:44.000Z'),
(277, 'recKAdwq0UOS3pCHd', 'Coming Soon — LiSAT', 'Placeholder — briefing forthcoming for this company.', 'Coming Soon', null, null, 'Placeholder', 0, null, '2026-06-20T03:36:49.000Z'),
(96, 'recKCHfKNGbI6a93z', 'Coming Soon — AIMS', 'Placeholder — briefing forthcoming for this company.', 'Coming Soon', null, null, 'Placeholder', 0, null, '2026-06-20T03:32:09.000Z'),
(398, 'recKMbCAU4vdLpbfi', 'Coming Soon — Telus', 'Placeholder — briefing forthcoming for this company.', 'Coming Soon', null, null, 'Placeholder', 0, null, '2026-06-20T03:43:44.000Z'),
(257, 'recKTW7Plf431iRZQ', 'Coming Soon — Intel', 'Placeholder — briefing forthcoming for this company.', 'Coming Soon', null, null, 'Placeholder', 0, null, '2026-06-20T03:36:49.000Z'),
(74, 'recKjvf96fa4Wr0Ol', 'Coming Soon — Grid Events & Physical Disasters', 'Placeholder — briefing forthcoming for this sub-domain.', 'Draft', null, null, 'Placeholder', 0, null, '2026-06-20T03:22:09.000Z'),
(14, 'recKq11RTVqlIbglN', 'Capital Flow Through the AI Infrastructure Ecosystem', 'Map of how capital moves through the AI infrastructure ecosystem.', 'Draft', 'https://gamma.app/docs/Capital-Flow-Through-the-AI-Infrastructure-Ecosystem-3edmhnr8n3vi1xf', 'g_erg95bqwa7n6a67', 'Yes', 0, null, '2026-06-20T03:00:23.000Z'),
(9, 'recLAPucqIoWtXvl5', 'Carrier — The HVAC Giant''s Pivot to the Thermal Management Land Grab', 'Company thesis on Carrier''s pivot from residential HVAC to AI factory thermal management.', 'Draft', 'https://gamma.app/docs/Carrier-The-HVAC-Giants-Pivot-The-Thermal-Management-Land-Grab-d8tw3gsirvxd9b2', 'g_6yep7ptz61rfpmy', 'Yes', 0, null, '2026-06-20T02:59:59.000Z'),
(229, 'recLJDBKoEvRnuy5e', 'Coming Soon — GleSYS', 'Placeholder — briefing forthcoming for this company.', 'Coming Soon', null, null, 'Placeholder', 0, null, '2026-06-20T03:36:49.000Z'),
(318, 'recLP3shgpvZc3vt9', 'Coming Soon — Nutanix', 'Placeholder — briefing forthcoming for this company.', 'Coming Soon', null, null, 'Placeholder', 0, null, '2026-06-20T03:40:44.000Z'),
(31, 'recLRkt2BjSnFubrZ', 'Coming Soon — Sovereign Wealth & Institutional Capital', 'Placeholder — briefing forthcoming for this sub-domain.', 'Draft', null, null, 'Placeholder', 0, null, '2026-06-20T03:21:11.000Z'),
(87, 'recLdKgDrqDPmK52H', 'Coming Soon — Accenture', 'Placeholder — briefing forthcoming for this company.', 'Coming Soon', null, null, 'Placeholder', 0, null, '2026-06-20T03:32:09.000Z'),
(197, 'recLhsX2XQGpPUp5T', 'Coming Soon — Eaton', 'Placeholder — briefing forthcoming for this company.', 'Coming Soon', null, null, 'Placeholder', 0, null, '2026-06-20T03:35:17.000Z'),
(385, 'recLl1dYzEwHlOSaG', 'Coming Soon — SUNeVision', 'Placeholder — briefing forthcoming for this company.', 'Coming Soon', null, null, 'Placeholder', 0, null, '2026-06-20T03:43:44.000Z'),
(158, 'recLpgTf4hBJ4nyBS', 'Coming Soon — Colliers', 'Placeholder — briefing forthcoming for this company.', 'Coming Soon', null, null, 'Placeholder', 0, null, '2026-06-20T03:33:45.000Z'),
(62, 'recLv8DO9Y1NZqUg8', 'Coming Soon — State & Local Tax Incentives', 'Placeholder — briefing forthcoming for this sub-domain.', 'Draft', null, null, 'Placeholder', 0, null, '2026-06-20T03:22:09.000Z'),
(104, 'recLwwlLEhyrsjfdZ', 'Coming Soon — Ampere Computing', 'Placeholder — briefing forthcoming for this company.', 'Coming Soon', null, null, 'Placeholder', 0, null, '2026-06-20T03:32:09.000Z'),
(172, 'recM6ZAC6YCeaNZnc', 'Coming Soon — CyrusOne', 'Placeholder — briefing forthcoming for this company.', 'Coming Soon', null, null, 'Placeholder', 0, null, '2026-06-20T03:33:45.000Z'),
(408, 'recM9jJNc4y6eyzxy', 'Coming Soon — Transphorm', 'Placeholder — briefing forthcoming for this company.', 'Coming Soon', null, null, 'Placeholder', 0, null, '2026-06-20T03:43:44.000Z'),
(189, 'recMA5VVxtYZR2OQK', 'Coming Soon — Digital Realty Trust', 'Placeholder — briefing forthcoming for this company.', 'Coming Soon', null, null, 'Placeholder', 0, null, '2026-06-20T03:35:17.000Z'),
(59, 'recMPs1LIfV8SPJZ1', 'Coming Soon — International Tax & Transfer Pricing', 'Placeholder — briefing forthcoming for this sub-domain.', 'Draft', null, null, 'Placeholder', 0, null, '2026-06-20T03:22:09.000Z'),
(155, 'recMSTOx6saI0qUjj', 'Coming Soon — CleanArc Data Centers', 'Placeholder — briefing forthcoming for this company.', 'Coming Soon', null, null, 'Placeholder', 0, null, '2026-06-20T03:33:45.000Z'),
(192, 'recMTUgiApn0lV1dm', 'Coming Soon — DPR Construction', 'Placeholder — briefing forthcoming for this company.', 'Coming Soon', null, null, 'Placeholder', 0, null, '2026-06-20T03:35:17.000Z'),
(95, 'recMVOmIoB4BnwvIo', 'Coming Soon — AI Infrastructure Partnership (AIP)', 'Placeholder — briefing forthcoming for this company.', 'Coming Soon', null, null, 'Placeholder', 0, null, '2026-06-20T03:32:09.000Z'),
(15, 'recMlmb655VUUXSFl', 'The Power Reckoning', 'Thematic brief on power as the binding constraint on AI data center growth.', 'Draft', 'https://gamma.app/docs/The-Power-Reckoning-ezwqd9wc97y89kh', 'g_fltw4gcfbs22cj3', 'Yes', 0, null, '2026-06-20T03:00:23.000Z'),
(286, 'recMmIGzm9J6sQBWQ', 'Coming Soon — MDXi (MainOne)', 'Placeholder — briefing forthcoming for this company.', 'Coming Soon', null, null, 'Placeholder', 0, null, '2026-06-20T03:40:44.000Z'),
(107, 'recMx0R8cbIgHkdHb', 'Coming Soon — Apple', 'Placeholder — briefing forthcoming for this company.', 'Coming Soon', null, null, 'Placeholder', 0, null, '2026-06-20T03:32:09.000Z'),
(213, 'recN3RYGwocLo9NrX', 'Coming Soon — Etisalat by e&', 'Placeholder — briefing forthcoming for this company.', 'Coming Soon', null, null, 'Placeholder', 0, null, '2026-06-20T03:35:17.000Z'),
(25, 'recN9Hfb0HagpOW15', 'Coming Soon — EU Media Coverage', 'Placeholder — briefing forthcoming for this sub-domain.', 'Draft', null, null, 'Placeholder', 0, null, '2026-06-20T03:21:11.000Z'),
(227, 'recNQFcfnA9qbeaHA', 'Coming Soon — GIC (Singapore)', 'Placeholder — briefing forthcoming for this company.', 'Coming Soon', null, null, 'Placeholder', 0, null, '2026-06-20T03:35:17.000Z'),
(116, 'recO3tNKbe6GNDtQA', 'Coming Soon — Asperitas', 'Placeholder — briefing forthcoming for this company.', 'Coming Soon', null, null, 'Placeholder', 0, null, '2026-06-20T03:32:09.000Z'),
(26, 'recO5R9fa4ddn5ZyY', 'Coming Soon — Hyperscaler Custom Silicon', 'Placeholder — briefing forthcoming for this sub-domain.', 'Draft', null, null, 'Placeholder', 0, null, '2026-06-20T03:21:11.000Z'),
(346, 'recO7MbWoRxuIMhRG', 'Coming Soon — QTS Realty Trust', 'Placeholder — briefing forthcoming for this company.', 'Coming Soon', null, null, 'Placeholder', 0, null, '2026-06-20T03:42:15.000Z'),
(370, 'recO9u3zA4oRdHeIb', 'Coming Soon — SK Holdings C&C', 'Placeholder — briefing forthcoming for this company.', 'Coming Soon', null, null, 'Placeholder', 0, null, '2026-06-20T03:42:15.000Z'),
(236, 'recOC3OmIaejKDEkM', 'Coming Soon — Grid Strategies LLC', 'Placeholder — briefing forthcoming for this company.', 'Coming Soon', null, null, 'Placeholder', 0, null, '2026-06-20T03:36:49.000Z'),
(140, 'recOK6FMsYotexn8x', 'Coming Soon — Canon IT Solutions', 'Placeholder — briefing forthcoming for this company.', 'Coming Soon', null, null, 'Placeholder', 0, null, '2026-06-20T03:33:45.000Z'),
(235, 'recOSVStJnwH914Wt', 'Coming Soon — Green Revolution Cooling (GRC)', 'Placeholder — briefing forthcoming for this company.', 'Coming Soon', null, null, 'Placeholder', 0, null, '2026-06-20T03:36:49.000Z'),
(238, 'recOmXoPPAaPYczuc', 'Coming Soon — H5 Data Centers', 'Placeholder — briefing forthcoming for this company.', 'Coming Soon', null, null, 'Placeholder', 0, null, '2026-06-20T03:36:49.000Z'),
(143, 'recPE0Tz3TEKwWlGW', 'Coming Soon — Castrol (BP)', 'Placeholder — briefing forthcoming for this company.', 'Coming Soon', null, null, 'Placeholder', 0, null, '2026-06-20T03:33:45.000Z'),
(46, 'recPFR2l0d6KoMGQw', 'Coming Soon — GPU Architecture & Roadmap', 'Placeholder — briefing forthcoming for this sub-domain.', 'Draft', null, null, 'Placeholder', 0, null, '2026-06-20T03:21:11.000Z'),
(420, 'recPImsF5Fwu019zT', 'Coming Soon — Vigilent', 'Placeholder — briefing forthcoming for this company.', 'Coming Soon', null, null, 'Placeholder', 0, null, '2026-06-20T03:43:44.000Z'),
(343, 'recPQimBzzh12web5', 'Coming Soon — Pure Storage', 'Placeholder — briefing forthcoming for this company.', 'Coming Soon', null, null, 'Placeholder', 0, null, '2026-06-20T03:42:15.000Z'),
(180, 'recPVXVTDfJl0GVMb', 'Coming Soon — DDN (DataDirect Networks)', 'Placeholder — briefing forthcoming for this company.', 'Coming Soon', null, null, 'Placeholder', 0, null, '2026-06-20T03:35:17.000Z'),
(36, 'recPXxTRVUmztOege', 'Coming Soon — Physical Security & Access Control', 'Placeholder — briefing forthcoming for this sub-domain.', 'Draft', null, null, 'Placeholder', 0, null, '2026-06-20T03:21:11.000Z'),
(246, 'recPagxO2AIoeVCpi', 'Coming Soon — Holtec International', 'Placeholder — briefing forthcoming for this company.', 'Coming Soon', null, null, 'Placeholder', 0, null, '2026-06-20T03:36:49.000Z'),
(153, 'recPb6GO6FIE0o71T', 'Coming Soon — Cisco Systems', 'Placeholder — briefing forthcoming for this company.', 'Coming Soon', null, null, 'Placeholder', 0, null, '2026-06-20T03:33:45.000Z'),
(436, 'recPkTIR3Hi32owWQ', 'Coming Soon — ZutaCore', 'Placeholder — briefing forthcoming for this company.', 'Coming Soon', null, null, 'Placeholder', 0, null, '2026-06-20T03:44:11.000Z'),
(43, 'recPvFAwC6mnx5rEN', 'Coming Soon — Tax Incentive Backlash & Clawback', 'Placeholder — briefing forthcoming for this sub-domain.', 'Draft', null, null, 'Placeholder', 0, null, '2026-06-20T03:21:11.000Z'),
(332, 'recQEPLUAMjP7pLyJ', 'Coming Soon — OVHcloud', 'Placeholder — briefing forthcoming for this company.', 'Coming Soon', null, null, 'Placeholder', 0, null, '2026-06-20T03:42:15.000Z'),
(269, 'recQSkOyRHkoYnYUh', 'Coming Soon — KKR', 'Placeholder — briefing forthcoming for this company.', 'Coming Soon', null, null, 'Placeholder', 0, null, '2026-06-20T03:36:49.000Z'),
(1, 'recQUIazoZVLifdSa', 'The Power Reckoning ', 'Description ', 'Draft', null, null, null, 0, null, '2026-06-20T02:39:46.000Z'),
(98, 'recQZdXA0v9LuAyEg', 'Coming Soon — AirTrunk', 'Placeholder — briefing forthcoming for this company.', 'Coming Soon', null, null, 'Placeholder', 0, null, '2026-06-20T03:32:09.000Z'),
(48, 'recQcvl1WnnsSRFNR', 'Coming Soon — U.S. Media Coverage', 'Placeholder — briefing forthcoming for this sub-domain.', 'Draft', null, null, 'Placeholder', 0, null, '2026-06-20T03:21:11.000Z'),
(154, 'recQdr2zVzPSr1CXZ', 'Coming Soon — Claro', 'Placeholder — briefing forthcoming for this company.', 'Coming Soon', null, null, 'Placeholder', 0, null, '2026-06-20T03:33:45.000Z'),
(211, 'recQgiqxPtV7vpAdm', 'Coming Soon — ERCOT', 'Placeholder — briefing forthcoming for this company.', 'Coming Soon', null, null, 'Placeholder', 0, null, '2026-06-20T03:35:17.000Z'),
(358, 'recQmnOZuEMbO7W70', 'Coming Soon — Rowan Digital Infrastructure', 'Placeholder — briefing forthcoming for this company.', 'Coming Soon', null, null, 'Placeholder', 0, null, '2026-06-20T03:42:15.000Z'),
(18, 'recQpKZmPByqXYVy7', 'What McKinsey Got Wrong', 'Counter-analysis challenging McKinsey''s AI infrastructure capital forecast.', 'Draft', 'https://gamma.app/docs/What-McKinsey-Got-Wrong-3zlp4cv4807afyq', 'g_7c85yyph73zl0h2', 'Yes', 0, null, '2026-06-20T03:00:23.000Z'),
(273, 'recREtEoTrVBJntz0', 'Coming Soon — Leuk Teleport & Data Centre', 'Placeholder — briefing forthcoming for this company.', 'Coming Soon', null, null, 'Placeholder', 0, null, '2026-06-20T03:36:49.000Z'),
(308, 'recRSGYInh43Y0oVK', 'Coming Soon — NextEra Energy', 'Placeholder — briefing forthcoming for this company.', 'Coming Soon', null, null, 'Placeholder', 0, null, '2026-06-20T03:40:44.000Z'),
(160, 'recRSITg5BGEPWy73', 'Coming Soon — Colovore', 'Placeholder — briefing forthcoming for this company.', 'Coming Soon', null, null, 'Placeholder', 0, null, '2026-06-20T03:33:45.000Z'),
(399, 'recRiFbNezElxPjfu', 'Coming Soon — Temasek', 'Placeholder — briefing forthcoming for this company.', 'Coming Soon', null, null, 'Placeholder', 0, null, '2026-06-20T03:43:44.000Z'),
(397, 'recRpBWExQ3zciMFV', 'Coming Soon — Telstra InfraCo', 'Placeholder — briefing forthcoming for this company.', 'Coming Soon', null, null, 'Placeholder', 0, null, '2026-06-20T03:43:44.000Z'),
(42, 'recRtoFsptMWEGDcb', 'Coming Soon — Chip Export Controls & BIS Regime', 'Placeholder — briefing forthcoming for this sub-domain.', 'Draft', null, null, 'Placeholder', 0, null, '2026-06-20T03:21:11.000Z'),
(387, 'recRvVoZh0JqhtWZ2', 'Coming Soon — Switch', 'Placeholder — briefing forthcoming for this company.', 'Coming Soon', null, null, 'Placeholder', 0, null, '2026-06-20T03:43:44.000Z'),
(148, 'recSVXEksIC4Dgx53', 'Coming Soon — Chirisa Technology Parks', 'Placeholder — briefing forthcoming for this company.', 'Coming Soon', null, null, 'Placeholder', 0, null, '2026-06-20T03:33:45.000Z'),
(337, 'recSjgzoculooD6ej', 'Coming Soon — PJM Interconnection', 'Placeholder — briefing forthcoming for this company.', 'Coming Soon', null, null, 'Placeholder', 0, null, '2026-06-20T03:42:15.000Z'),
(210, 'recSzESTr9NnW8rW8', 'Coming Soon — Equinix', 'Placeholder — briefing forthcoming for this company.', 'Coming Soon', null, null, 'Placeholder', 0, null, '2026-06-20T03:35:17.000Z'),
(67, 'recT14J8c08eBXoK8', 'Coming Soon — Project Opposition Register', 'Placeholder — briefing forthcoming for this sub-domain.', 'Draft', null, null, 'Placeholder', 0, null, '2026-06-20T03:22:09.000Z'),
(128, 'recTA7Tqf9jeuuuhv', 'Coming Soon — Blackstone', 'Placeholder — briefing forthcoming for this company.', 'Coming Soon', null, null, 'Placeholder', 0, null, '2026-06-20T03:32:09.000Z'),
(390, 'recTKDISG0jx5Uk89', 'Coming Soon — Talen Energy', 'Placeholder — briefing forthcoming for this company.', 'Coming Soon', null, null, 'Placeholder', 0, null, '2026-06-20T03:43:44.000Z'),
(75, 'recTQ5R8oSA21v3kE', 'Coming Soon — Industry Analysts', 'Placeholder — briefing forthcoming for this sub-domain.', 'Draft', null, null, 'Placeholder', 0, null, '2026-06-20T03:22:09.000Z'),
(13, 'recTd51axPOGP9Ea0', 'Sixteen Soft-System Constraints in AI Data Center Buildout', 'Survey of sixteen non-hardware constraints (regulatory, social, labor) bottlenecking buildout.', 'Draft', 'https://gamma.app/docs/Sixteen-Soft-System-Constraints-in-AI-Data-Center-Buildout-xqzm4lffwdo58j0', 'g_76g7kyd1flacct2', 'Yes', 0, null, '2026-06-20T03:00:23.000Z'),
(252, 'recTlBQpcSwgQchpe', 'Coming Soon — IDC Frontier', 'Placeholder — briefing forthcoming for this company.', 'Coming Soon', null, null, 'Placeholder', 0, null, '2026-06-20T03:36:49.000Z'),
(326, 'recTlrAZdL2c3ao7e', 'Coming Soon — Open Access Data Centres', 'Placeholder — briefing forthcoming for this company.', 'Coming Soon', null, null, 'Placeholder', 0, null, '2026-06-20T03:40:44.000Z'),
(406, 'recTqwEopaMwbCzsv', 'Coming Soon — Tract', 'Placeholder — briefing forthcoming for this company.', 'Coming Soon', null, null, 'Placeholder', 0, null, '2026-06-20T03:43:44.000Z'),
(22, 'recUFxGS8LohTjlTX', 'Coming Soon — Lender Insurance Requirements & Risk Transfer', 'Placeholder — briefing forthcoming for this sub-domain.', 'Draft', null, null, 'Placeholder', 0, null, '2026-06-20T03:21:11.000Z'),
(156, 'recUR4fDvTHxVhkSF', 'Coming Soon — Coherent Corp', 'Placeholder — briefing forthcoming for this company.', 'Coming Soon', null, null, 'Placeholder', 0, null, '2026-06-20T03:33:45.000Z'),
(69, 'recUVS0s8F5q1D0ld', 'Coming Soon — Immersion Cooling', 'Placeholder — briefing forthcoming for this sub-domain.', 'Draft', null, null, 'Placeholder', 0, null, '2026-06-20T03:22:09.000Z'),
(267, 'recUWYYCobl2you1y', 'Coming Soon — Kairos Power', 'Placeholder — briefing forthcoming for this company.', 'Coming Soon', null, null, 'Placeholder', 0, null, '2026-06-20T03:36:49.000Z'),
(263, 'recUYZOrd2vSLF92m', 'Coming Soon — JD Cloud & AI', 'Placeholder — briefing forthcoming for this company.', 'Coming Soon', null, null, 'Placeholder', 0, null, '2026-06-20T03:36:49.000Z'),
(218, 'recUbHqwlXm44DJaa', 'Coming Soon — First Solar', 'Placeholder — briefing forthcoming for this company.', 'Coming Soon', null, null, 'Placeholder', 0, null, '2026-06-20T03:35:17.000Z'),
(132, 'recUfW8e7I4cTiOvk', 'Coming Soon — BroadBand Tower', 'Placeholder — briefing forthcoming for this company.', 'Coming Soon', null, null, 'Placeholder', 0, null, '2026-06-20T03:33:45.000Z'),
(175, 'recUiXi0H2Tjpr6un', 'Coming Soon — Data Foundry', 'Placeholder — briefing forthcoming for this company.', 'Coming Soon', null, null, 'Placeholder', 0, null, '2026-06-20T03:33:45.000Z'),
(296, 'recUo5DiDjF1PhXXi', 'Coming Soon — Mortenson', 'Placeholder — briefing forthcoming for this company.', 'Coming Soon', null, null, 'Placeholder', 0, null, '2026-06-20T03:40:44.000Z'),
(376, 'recVKLDzLnfsFc16q', 'Coming Soon — Spark', 'Placeholder — briefing forthcoming for this company.', 'Coming Soon', null, null, 'Placeholder', 0, null, '2026-06-20T03:42:15.000Z'),
(427, 'recVZTEXb48dDuWMI', 'Coming Soon — Wingu.Africa', 'Placeholder — briefing forthcoming for this company.', 'Coming Soon', null, null, 'Placeholder', 0, null, '2026-06-20T03:43:44.000Z'),
(108, 'recVsgu88vHx2vPcY', 'Coming Soon — Applied Digital', 'Placeholder — briefing forthcoming for this company.', 'Coming Soon', null, null, 'Placeholder', 0, null, '2026-06-20T03:32:09.000Z'),
(393, 'recVyhzSgxprtUaQP', 'Coming Soon — Taybo (Shanghai) Environmental Technology', 'Placeholder — briefing forthcoming for this company.', 'Coming Soon', null, null, 'Placeholder', 0, null, '2026-06-20T03:43:44.000Z'),
(207, 'recW3zh9wo8YdZZp4', 'Coming Soon — Enovum Data Centers', 'Placeholder — briefing forthcoming for this company.', 'Coming Soon', null, null, 'Placeholder', 0, null, '2026-06-20T03:35:17.000Z'),
(150, 'recW4bksJWdV70xat', 'Coming Soon — Chunghwa Telecom', 'Placeholder — briefing forthcoming for this company.', 'Coming Soon', null, null, 'Placeholder', 0, null, '2026-06-20T03:33:45.000Z'),
(425, 'recW7IrG6XHEDsB2o', 'Coming Soon — WEKA', 'Placeholder — briefing forthcoming for this company.', 'Coming Soon', null, null, 'Placeholder', 0, null, '2026-06-20T03:43:44.000Z'),
(389, 'recWQzN36JLD61eMK', 'Coming Soon — T5 Data Centers', 'Placeholder — briefing forthcoming for this company.', 'Coming Soon', null, null, 'Placeholder', 0, null, '2026-06-20T03:43:44.000Z'),
(350, 'recWReTO8Xoi8goqF', 'Coming Soon — Rackspace', 'Placeholder — briefing forthcoming for this company.', 'Coming Soon', null, null, 'Placeholder', 0, null, '2026-06-20T03:42:15.000Z'),
(5, 'recWbMesu1DhjGCgN', 'Nebius — The Most Dramatic Corporate Reinvention in Tech', 'Company thesis on Nebius''s transformation from Yandex spinout to AI infrastructure pure-play.', 'Draft', 'https://gamma.app/docs/Nebius-The-Most-Dramatic-Corporate-Reinvention-in-Tech-tcbsksgur0fqk23', 'g_2taybkoojb6me18', 'Yes', 0, null, '2026-06-20T02:59:59.000Z'),
(410, 'recXEDi3dJgE4L6XL', 'Coming Soon — True IDC', 'Placeholder — briefing forthcoming for this company.', 'Coming Soon', null, null, 'Placeholder', 0, null, '2026-06-20T03:43:44.000Z'),
(205, 'recXFK51DmRotB3Ph', 'Coming Soon — Enbridge', 'Placeholder — briefing forthcoming for this company.', 'Coming Soon', null, null, 'Placeholder', 0, null, '2026-06-20T03:35:17.000Z'),
(366, 'recXFXEPwrh0klax1', 'Coming Soon — Sentinum', 'Placeholder — briefing forthcoming for this company.', 'Coming Soon', null, null, 'Placeholder', 0, null, '2026-06-20T03:42:15.000Z'),
(411, 'recXhSbd9x8YSwJUI', 'Coming Soon — TSMC', 'Placeholder — briefing forthcoming for this company.', 'Coming Soon', null, null, 'Placeholder', 0, null, '2026-06-20T03:43:44.000Z'),
(342, 'recXmEuejPodelDpW', 'Coming Soon — Pulsant', 'Placeholder — briefing forthcoming for this company.', 'Coming Soon', null, null, 'Placeholder', 0, null, '2026-06-20T03:42:15.000Z'),
(40, 'recY5Qkqx7EtlIx0r', 'Coming Soon — Integrated Infrastructure Vendor M&A', 'Placeholder — briefing forthcoming for this sub-domain.', 'Draft', null, null, 'Placeholder', 0, null, '2026-06-20T03:21:11.000Z'),
(58, 'recYJk9Xt6vkzOiuh', 'Coming Soon — Neocloud Infrastructure', 'Placeholder — briefing forthcoming for this sub-domain.', 'Draft', null, null, 'Placeholder', 0, null, '2026-06-20T03:22:09.000Z'),
(137, 'recYZIq3A3Pa5VKFb', 'Coming Soon — Cadence Design Systems', 'Placeholder — briefing forthcoming for this company.', 'Coming Soon', null, null, 'Placeholder', 0, null, '2026-06-20T03:33:45.000Z'),
(334, 'recYv07xADQn6tnED', 'Coming Soon — Parker Lord', 'Placeholder — briefing forthcoming for this company.', 'Coming Soon', null, null, 'Placeholder', 0, null, '2026-06-20T03:42:15.000Z'),
(234, 'recYzXkvwxV6Z5rKu', 'Coming Soon — GPX Global', 'Placeholder — briefing forthcoming for this company.', 'Coming Soon', null, null, 'Placeholder', 0, null, '2026-06-20T03:36:49.000Z'),
(109, 'recZ3QwYxIcPry0Pt', 'Coming Soon — Aramco Digital', 'Placeholder — briefing forthcoming for this company.', 'Coming Soon', null, null, 'Placeholder', 0, null, '2026-06-20T03:32:09.000Z'),
(402, 'recZQuKMn6UNCAOXO', 'Coming Soon — TerraPower', 'Placeholder — briefing forthcoming for this company.', 'Coming Soon', null, null, 'Placeholder', 0, null, '2026-06-20T03:43:44.000Z'),
(136, 'recZyrSUUesFRR7qG', 'Coming Soon — ByteDance / TikTok', 'Placeholder — briefing forthcoming for this company.', 'Coming Soon', null, null, 'Placeholder', 0, null, '2026-06-20T03:33:45.000Z'),
(110, 'reca4fyR2EAypR20h', 'Coming Soon — Ardent Data Centers', 'Placeholder — briefing forthcoming for this company.', 'Coming Soon', null, null, 'Placeholder', 0, null, '2026-06-20T03:32:09.000Z'),
(91, 'recaCkoMkL0V4WkPj', 'Coming Soon — ADIA (Abu Dhabi Investment Authority)', 'Placeholder — briefing forthcoming for this company.', 'Coming Soon', null, null, 'Placeholder', 0, null, '2026-06-20T03:32:09.000Z'),
(208, 'recaG5VZmk5VZt6DR', 'Coming Soon — Ensono', 'Placeholder — briefing forthcoming for this company.', 'Coming Soon', null, null, 'Placeholder', 0, null, '2026-06-20T03:35:17.000Z'),
(312, 'recaOmCCVfFDPQzKu', 'Coming Soon — Northern Data', 'Placeholder — briefing forthcoming for this company.', 'Coming Soon', null, null, 'Placeholder', 0, null, '2026-06-20T03:40:44.000Z'),
(319, 'recaSn1AEEHf85c2q', 'Coming Soon — NVIDIA', 'Placeholder — briefing forthcoming for this company.', 'Coming Soon', null, null, 'Placeholder', 0, null, '2026-06-20T03:40:44.000Z'),
(219, 'recaZntCY2MxTlaIY', 'Coming Soon — Flexential', 'Placeholder — briefing forthcoming for this company.', 'Coming Soon', null, null, 'Placeholder', 0, null, '2026-06-20T03:35:17.000Z'),
(21, 'recadZCtRAFEnXFsq', 'Coming Soon — DC Power Delivery at the Rack', 'Placeholder — briefing forthcoming for this sub-domain.', 'Draft', null, null, 'Placeholder', 0, null, '2026-06-20T03:21:11.000Z'),
(254, 'recahHwTuSEtF9hx8', 'Coming Soon — iMasons', 'Placeholder — briefing forthcoming for this company.', 'Coming Soon', null, null, 'Placeholder', 0, null, '2026-06-20T03:36:49.000Z'),
(105, 'recb0x0HVTFzDKEam', 'Coming Soon — AMPT', 'Placeholder — briefing forthcoming for this company.', 'Coming Soon', null, null, 'Placeholder', 0, null, '2026-06-20T03:32:09.000Z'),
(368, 'recb7Hwfy5liK6KuD', 'Coming Soon — Shell Energy', 'Placeholder — briefing forthcoming for this company.', 'Coming Soon', null, null, 'Placeholder', 0, null, '2026-06-20T03:42:15.000Z'),
(63, 'recbUxucXlfAyAsa5', 'Coming Soon — Modular & Prefabricated Data Center Delivery', 'Placeholder — briefing forthcoming for this sub-domain.', 'Draft', null, null, 'Placeholder', 0, null, '2026-06-20T03:22:09.000Z'),
(6, 'recc8hUIzF49p1p9I', 'EQT — The Capital Allocation Engine Behind the AI Infrastructure Buildout', 'Investor thesis on EQT as a capital allocator anchoring AI infrastructure deployment.', 'Draft', 'https://gamma.app/docs/EQT-The-Capital-Allocation-Engine-Behind-the-AI-Infrastructure--wjdz7dcy9cu7jph', 'g_bn0u7sqn9gyw6av', 'Yes', 0, null, '2026-06-20T02:59:59.000Z'),
(382, 'reccF9kR8SUs33Dp8', 'Coming Soon — STMicroelectronics', 'Placeholder — briefing forthcoming for this company.', 'Coming Soon', null, null, 'Placeholder', 0, null, '2026-06-20T03:43:44.000Z'),
(12, 'reccJCbxHP7XyEc4D', 'Five Lurking Consolidation Waves', 'Analysis of five consolidation waves building across the AI infrastructure value chain.', 'Draft', 'https://gamma.app/docs/Five-Lurking-Consolidation-Waves-4sw5j9y0rs3b3ig', 'g_ut39vwpjj9py4mz', 'Yes', 0, null, '2026-06-20T03:00:23.000Z'),
(379, 'reccOfCEn0aFFgKqK', 'Coming Soon — Start Campus', 'Placeholder — briefing forthcoming for this company.', 'Coming Soon', null, null, 'Placeholder', 0, null, '2026-06-20T03:43:44.000Z'),
(369, 'reccXBHpZ3QcSrm0j', 'Coming Soon — Siemens', 'Placeholder — briefing forthcoming for this company.', 'Coming Soon', null, null, 'Placeholder', 0, null, '2026-06-20T03:42:15.000Z'),
(242, 'reccYmwTXS1KPJVFu', 'Coming Soon — Hewlett Packard Enterprise (HPE)', 'Placeholder — briefing forthcoming for this company.', 'Coming Soon', null, null, 'Placeholder', 0, null, '2026-06-20T03:36:49.000Z'),
(17, 'reccr6TZtcuXnfnXo', 'The Thermal-Power Convergence Play', 'Thesis on the convergence of thermal and power systems into an infrastructure moat.', 'Draft', 'https://gamma.app/docs/The-Thermal-Power-Convergence-Play-From-Picks-and-Shovels-to-Infr-st7ely76u4c52ht', 'g_del8759z04t6nl7', 'Yes', 0, null, '2026-06-20T03:00:23.000Z'),
(324, 'reccrBH9J8oqEPZVC', 'Coming Soon — onsemi', 'Placeholder — briefing forthcoming for this company.', 'Coming Soon', null, null, 'Placeholder', 0, null, '2026-06-20T03:40:44.000Z'),
(50, 'recdD4tJ1L1o5HPit', 'Coming Soon — Sovereign AI Programs & National Compute', 'Placeholder — briefing forthcoming for this sub-domain.', 'Draft', null, null, 'Placeholder', 0, null, '2026-06-20T03:21:11.000Z'),
(37, 'recdM2HJ8STEL5GKF', 'Coming Soon — Behind-the-Meter Generation (BYOP/BYOG)', 'Placeholder — briefing forthcoming for this sub-domain.', 'Draft', null, null, 'Placeholder', 0, null, '2026-06-20T03:21:11.000Z'),
(430, 'recdN6gCIzVhnQbic', 'Coming Soon — World Wide Technology (WWT)', 'Placeholder — briefing forthcoming for this company.', 'Coming Soon', null, null, 'Placeholder', 0, null, '2026-06-20T03:44:11.000Z'),
(292, 'recdc4K8bZJLQ5tgh', 'Coming Soon — Mistral AI', 'Placeholder — briefing forthcoming for this company.', 'Coming Soon', null, null, 'Placeholder', 0, null, '2026-06-20T03:40:44.000Z'),
(345, 'recdcD1ueGPzC1nCU', 'Coming Soon — QTS Realty', 'Placeholder — briefing forthcoming for this company.', 'Coming Soon', null, null, 'Placeholder', 0, null, '2026-06-20T03:42:15.000Z'),
(432, 'recdk1w4kMoICnLe3', 'Coming Soon — xAI (Elon Musk)', 'Placeholder — briefing forthcoming for this company.', 'Coming Soon', null, null, 'Placeholder', 0, null, '2026-06-20T03:44:11.000Z'),
(353, 'recdoF8UaLaJ2yqLs', 'Coming Soon — Raxio Group', 'Placeholder — briefing forthcoming for this company.', 'Coming Soon', null, null, 'Placeholder', 0, null, '2026-06-20T03:42:15.000Z'),
(129, 'recdqghAGsHPeEvf1', 'Coming Soon — Bloom Energy', 'Placeholder — briefing forthcoming for this company.', 'Coming Soon', null, null, 'Placeholder', 0, null, '2026-06-20T03:32:09.000Z'),
(348, 'recdwvuH7JGzN0MAX', 'Coming Soon — Rack Centre', 'Placeholder — briefing forthcoming for this company.', 'Coming Soon', null, null, 'Placeholder', 0, null, '2026-06-20T03:42:15.000Z'),
(47, 'rece4UsrvoSsSZ4Je', 'Coming Soon — Executive Movement & C-Suite Intelligence', 'Placeholder — briefing forthcoming for this sub-domain.', 'Draft', null, null, 'Placeholder', 0, null, '2026-06-20T03:21:11.000Z'),
(115, 'receGJGq4x4JbeHu6', 'Coming Soon — Ascendas REIT', 'Placeholder — briefing forthcoming for this company.', 'Coming Soon', null, null, 'Placeholder', 0, null, '2026-06-20T03:32:09.000Z'),
(386, 'receNtlA3i5ctihEj', 'Coming Soon — Supermicro', 'Placeholder — briefing forthcoming for this company.', 'Coming Soon', null, null, 'Placeholder', 0, null, '2026-06-20T03:43:44.000Z'),
(409, 'receTsxYq6mZXr3GV', 'Coming Soon — Triara', 'Placeholder — briefing forthcoming for this company.', 'Coming Soon', null, null, 'Placeholder', 0, null, '2026-06-20T03:43:44.000Z'),
(16, 'receYTwVARrAPdqim', 'From Air to Liquid, From AC to DC — Most Vendors Won''t Survive the Crossing', 'Thesis on the cooling and power-architecture transition reshaping the vendor landscape.', 'Draft', 'https://gamma.app/docs/From-Air-to-Liquid-From-AC-to-DC-Most-Vendors-Wont-Survive-the-Cr-8d6lnoi6l9q1h7u', 'g_ca1ppsrrkljyewd', 'Yes', 0, null, '2026-06-20T03:00:23.000Z'),
(415, 'receqDnCi3qQ75NYh', 'Coming Soon — Uptime Institute', 'Placeholder — briefing forthcoming for this company.', 'Coming Soon', null, null, 'Placeholder', 0, null, '2026-06-20T03:43:44.000Z'),
(245, 'receqyyQ4AeI0vaNI', 'Coming Soon — HKCOLO', 'Placeholder — briefing forthcoming for this company.', 'Coming Soon', null, null, 'Placeholder', 0, null, '2026-06-20T03:36:49.000Z'),
(193, 'recetZd0qGr5Bsofb', 'Coming Soon — Drees & Sommer', 'Placeholder — briefing forthcoming for this company.', 'Coming Soon', null, null, 'Placeholder', 0, null, '2026-06-20T03:35:17.000Z'),
(419, 'recewHMlBgcrQ8ZqA', 'Coming Soon — Vertiv', 'Placeholder — briefing forthcoming for this company.', 'Coming Soon', null, null, 'Placeholder', 0, null, '2026-06-20T03:43:44.000Z'),
(316, 'recfBdDe1CTboeVal', 'Coming Soon — NTT Global Data Centers', 'Placeholder — briefing forthcoming for this company.', 'Coming Soon', null, null, 'Placeholder', 0, null, '2026-06-20T03:40:44.000Z'),
(279, 'recfHVxbaCyLN5uF8', 'Coming Soon — Luxconnect', 'Placeholder — briefing forthcoming for this company.', 'Coming Soon', null, null, 'Placeholder', 0, null, '2026-06-20T03:40:44.000Z'),
(187, 'recfHcBCt8S1jofXY', 'Coming Soon — Digital Realty / PlatformDIGITAL', 'Placeholder — briefing forthcoming for this company.', 'Coming Soon', null, null, 'Placeholder', 0, null, '2026-06-20T03:35:17.000Z'),
(344, 'recfLlpa7cUhUdjHq', 'Coming Soon — QScale', 'Placeholder — briefing forthcoming for this company.', 'Coming Soon', null, null, 'Placeholder', 0, null, '2026-06-20T03:42:15.000Z'),
(268, 'recfMTt1jrrWZYBRC', 'Coming Soon — Khazna Data Centers', 'Placeholder — briefing forthcoming for this company.', 'Coming Soon', null, null, 'Placeholder', 0, null, '2026-06-20T03:36:49.000Z'),
(360, 'recfPj2DA41NrepHO', 'Coming Soon — Sabey Data Centers', 'Placeholder — briefing forthcoming for this company.', 'Coming Soon', null, null, 'Placeholder', 0, null, '2026-06-20T03:42:15.000Z'),
(428, 'recfkz12g167buBKG', 'Coming Soon — Wiwynn', 'Placeholder — briefing forthcoming for this company.', 'Coming Soon', null, null, 'Placeholder', 0, null, '2026-06-20T03:43:44.000Z'),
(204, 'recfqcOSh3iRhYrR5', 'Coming Soon — Elisa', 'Placeholder — briefing forthcoming for this company.', 'Coming Soon', null, null, 'Placeholder', 0, null, '2026-06-20T03:35:17.000Z'),
(429, 'recgIDLhzjeVWeDSO', 'Coming Soon — Wolfspeed', 'Placeholder — briefing forthcoming for this company.', 'Coming Soon', null, null, 'Placeholder', 0, null, '2026-06-20T03:44:11.000Z'),
(289, 'recgaKpqnU74c5kc7', 'Coming Soon — MGX (Abu Dhabi)', 'Placeholder — briefing forthcoming for this company.', 'Coming Soon', null, null, 'Placeholder', 0, null, '2026-06-20T03:40:44.000Z'),
(329, 'recgbGfn9BvIP49PP', 'Coming Soon — Optage', 'Placeholder — briefing forthcoming for this company.', 'Coming Soon', null, null, 'Placeholder', 0, null, '2026-06-20T03:42:15.000Z'),
(303, 'recgzCwzn37s2sg64', 'Coming Soon — Navitas Semiconductor', 'Placeholder — briefing forthcoming for this company.', 'Coming Soon', null, null, 'Placeholder', 0, null, '2026-06-20T03:40:44.000Z'),
(27, 'rech0PZzpCmQnQ6sm', 'Coming Soon — Security Operations & Incident Response', 'Placeholder — briefing forthcoming for this sub-domain.', 'Draft', null, null, 'Placeholder', 0, null, '2026-06-20T03:21:11.000Z'),
(7, 'rech9NTDWrMzHYJvz', 'EdgeConneX — Gigawatt Campuses and the AI Factory Land Grab', 'Company thesis on EdgeConneX''s gigawatt-scale campus strategy and the Ingenuity platform.', 'Draft', 'https://gamma.app/docs/EdgeConnex-Gigawatt-Campuses-the-Ingenuity-Platform-and-the-Glo-hn80c6zr2tlevkl', 'g_3s3tfdavx4ztoo3', 'Yes', 0, null, '2026-06-20T02:59:59.000Z'),
(380, 'rechTXvCHDoOBVbBQ', 'Coming Soon — Starwood Capital', 'Placeholder — briefing forthcoming for this company.', 'Coming Soon', null, null, 'Placeholder', 0, null, '2026-06-20T03:43:44.000Z'),
(237, 'rechrMNUaspqR0S5T', 'Coming Soon — Groq', 'Placeholder — briefing forthcoming for this company.', 'Coming Soon', null, null, 'Placeholder', 0, null, '2026-06-20T03:36:49.000Z'),
(190, 'rechrx8ZaLWkO3L3O', 'Coming Soon — DigitalBridge', 'Placeholder — briefing forthcoming for this company.', 'Coming Soon', null, null, 'Placeholder', 0, null, '2026-06-20T03:35:17.000Z'),
(32, 'rechzkIuM3mXejALo', 'Coming Soon — Federal Tax Policy', 'Placeholder — briefing forthcoming for this sub-domain.', 'Draft', null, null, 'Placeholder', 0, null, '2026-06-20T03:21:11.000Z'),
(224, 'reciCePk6PdnKTiA9', 'Coming Soon — Galaxy Digital Inc.', 'Placeholder — briefing forthcoming for this company.', 'Coming Soon', null, null, 'Placeholder', 0, null, '2026-06-20T03:35:17.000Z'),
(396, 'reciIC3PuV0MkUXtY', 'Coming Soon — Telstra', 'Placeholder — briefing forthcoming for this company.', 'Coming Soon', null, null, 'Placeholder', 0, null, '2026-06-20T03:43:44.000Z'),
(80, 'recicfriROtbpE9D2', 'Coming Soon — 3M', 'Placeholder — briefing forthcoming for this company.', 'Coming Soon', null, null, 'Placeholder', 0, null, '2026-06-20T03:32:09.000Z'),
(302, 'recijJh6Kagc3XHOF', 'Coming Soon — Nano-Join', 'Placeholder — briefing forthcoming for this company.', 'Coming Soon', null, null, 'Placeholder', 0, null, '2026-06-20T03:40:44.000Z'),
(276, 'recipoqtnyodVABkX', 'Coming Soon — LiquidStack', 'Placeholder — briefing forthcoming for this company.', 'Coming Soon', null, null, 'Placeholder', 0, null, '2026-06-20T03:36:49.000Z'),
(374, 'reciusFIiBs7F819a', 'Coming Soon — Soluna', 'Placeholder — briefing forthcoming for this company.', 'Coming Soon', null, null, 'Placeholder', 0, null, '2026-06-20T03:42:15.000Z'),
(407, 'recizqeHZDJy80N52', 'Coming Soon — Trane Technologies', 'Placeholder — briefing forthcoming for this company.', 'Coming Soon', null, null, 'Placeholder', 0, null, '2026-06-20T03:43:44.000Z'),
(169, 'recj0DoNqU875iwt7', 'Coming Soon — Crusoe Energy', 'Placeholder — briefing forthcoming for this company.', 'Coming Soon', null, null, 'Placeholder', 0, null, '2026-06-20T03:33:45.000Z'),
(262, 'recjEQ116to7EbTI1', 'Coming Soon — IXAfrica', 'Placeholder — briefing forthcoming for this company.', 'Coming Soon', null, null, 'Placeholder', 0, null, '2026-06-20T03:36:49.000Z'),
(20, 'recjSWlkBzrd44hOn', 'The Data Center Market: Capital, Infrastructure, and the AI Supercycle', 'Market overview of capital, infrastructure, and the AI supercycle driving data center demand.', 'Draft', 'https://gamma.app/docs/The-Data-Center-Market-Capital-Infrastructure-and-the-AI-Supercyc-btlngbc2j1mozgq', 'g_25l9pron28biptq', 'Yes', 0, null, '2026-06-20T03:00:23.000Z'),
(77, 'recjUBYMA1zZPZTch', 'Coming Soon — State-Sponsored & Advanced Persistent Threats', 'Placeholder — briefing forthcoming for this sub-domain.', 'Draft', null, null, 'Placeholder', 0, null, '2026-06-20T03:22:09.000Z'),
(392, 'recjVf5P96mjPeaog', 'Coming Soon — Tavily (Nebius)', 'Placeholder — briefing forthcoming for this company.', 'Coming Soon', null, null, 'Placeholder', 0, null, '2026-06-20T03:43:44.000Z'),
(391, 'recjWhlCQtwTwnsL9', 'Coming Soon — Talen Energy / Susquehanna Nuclear', 'Placeholder — briefing forthcoming for this company.', 'Coming Soon', null, null, 'Placeholder', 0, null, '2026-06-20T03:43:44.000Z'),
(145, 'recjheWExVm583TI8', 'Coming Soon — CENTRA (Data Centers)', 'Placeholder — briefing forthcoming for this company.', 'Coming Soon', null, null, 'Placeholder', 0, null, '2026-06-20T03:33:45.000Z'),
(258, 'recjvAIcvjWv2JvD0', 'Coming Soon — Intersect Power', 'Placeholder — briefing forthcoming for this company.', 'Coming Soon', null, null, 'Placeholder', 0, null, '2026-06-20T03:36:49.000Z'),
(101, 'reck5GB1qeplKR890', 'Coming Soon — Aligned Energy', 'Placeholder — briefing forthcoming for this company.', 'Coming Soon', null, null, 'Placeholder', 0, null, '2026-06-20T03:32:09.000Z'),
(92, 'reckBeTDj1dMEOY7k', 'Coming Soon — AECOM', 'Placeholder — briefing forthcoming for this company.', 'Coming Soon', null, null, 'Placeholder', 0, null, '2026-06-20T03:32:09.000Z'),
(123, 'reckC1w9c4c0WICVW', 'Coming Soon — Bain Capital', 'Placeholder — briefing forthcoming for this company.', 'Coming Soon', null, null, 'Placeholder', 0, null, '2026-06-20T03:32:09.000Z'),
(288, 'reckR7U63t3pxe8i8', 'Coming Soon — Meta', 'Placeholder — briefing forthcoming for this company.', 'Coming Soon', null, null, 'Placeholder', 0, null, '2026-06-20T03:40:44.000Z'),
(418, 'reckUnqoHhldTHLhm', 'Coming Soon — VAST Data', 'Placeholder — briefing forthcoming for this company.', 'Coming Soon', null, null, 'Placeholder', 0, null, '2026-06-20T03:43:44.000Z'),
(222, 'reckXHT8d3vgz0Ocu', 'Coming Soon — Gabia', 'Placeholder — briefing forthcoming for this company.', 'Coming Soon', null, null, 'Placeholder', 0, null, '2026-06-20T03:35:17.000Z'),
(241, 'reckXoArN7IqphSAg', 'Coming Soon — Henkel', 'Placeholder — briefing forthcoming for this company.', 'Coming Soon', null, null, 'Placeholder', 0, null, '2026-06-20T03:36:49.000Z'),
(315, 'reckqdl1brW6hZwOE', 'Coming Soon — NTT / RagingWire Data Centers', 'Placeholder — briefing forthcoming for this company.', 'Coming Soon', null, null, 'Placeholder', 0, null, '2026-06-20T03:40:44.000Z'),
(421, 'recl5iSKA5dkfYOKZ', 'Coming Soon — Virtual Power Systems', 'Placeholder — briefing forthcoming for this company.', 'Coming Soon', null, null, 'Placeholder', 0, null, '2026-06-20T03:43:44.000Z'),
(282, 'recl6ZfMEqhCf77b9', 'Coming Soon — maincubes B.V.', 'Placeholder — briefing forthcoming for this company.', 'Coming Soon', null, null, 'Placeholder', 0, null, '2026-06-20T03:40:44.000Z'),
(251, 'recld6HsQkfYrOSoW', 'Coming Soon — Iceotope', 'Placeholder — briefing forthcoming for this company.', 'Coming Soon', null, null, 'Placeholder', 0, null, '2026-06-20T03:36:49.000Z'),
(388, 'recljJcINLpi7v6Uw', 'Coming Soon — T-Systems', 'Placeholder — briefing forthcoming for this company.', 'Coming Soon', null, null, 'Placeholder', 0, null, '2026-06-20T03:43:44.000Z'),
(297, 'reclmrxqOMM3S7vNE', 'Coming Soon — Motivair (by Schneider Electric)', 'Placeholder — briefing forthcoming for this company.', 'Coming Soon', null, null, 'Placeholder', 0, null, '2026-06-20T03:40:44.000Z'),
(266, 'reclvQEMZ7kKDML15', 'Coming Soon — Juniper Networks (HPE)', 'Placeholder — briefing forthcoming for this company.', 'Coming Soon', null, null, 'Placeholder', 0, null, '2026-06-20T03:36:49.000Z'),
(170, 'reclwIFXW43GGXhar', 'Coming Soon — Crypt-ON (Singapore / SEA)', 'Placeholder — briefing forthcoming for this company.', 'Coming Soon', null, null, 'Placeholder', 0, null, '2026-06-20T03:33:45.000Z'),
(174, 'recm43jPjss7DVvVp', 'Coming Soon — Daou Technology', 'Placeholder — briefing forthcoming for this company.', 'Coming Soon', null, null, 'Placeholder', 0, null, '2026-06-20T03:33:45.000Z'),
(232, 'recm4hfeRImhfx3MZ', 'Coming Soon — Google / Alphabet', 'Placeholder — briefing forthcoming for this company.', 'Coming Soon', null, null, 'Placeholder', 0, null, '2026-06-20T03:36:49.000Z'),
(51, 'recmQEXqSnsiiZYyP', 'Coming Soon — Climate & Parametric Risk Products', 'Placeholder — briefing forthcoming for this sub-domain.', 'Draft', null, null, 'Placeholder', 0, null, '2026-06-20T03:22:09.000Z'),
(433, 'recmZQmhkGN31zPOO', 'Coming Soon — Yahoo! Japan', 'Placeholder — briefing forthcoming for this company.', 'Coming Soon', null, null, 'Placeholder', 0, null, '2026-06-20T03:44:11.000Z'),
(195, 'recmfTReF5RaWJYdW', 'Coming Soon — Duke Energy', 'Placeholder — briefing forthcoming for this company.', 'Coming Soon', null, null, 'Placeholder', 0, null, '2026-06-20T03:35:17.000Z'),
(212, 'recmhaFTnMkjEa45K', 'Coming Soon — ERMCO', 'Placeholder — briefing forthcoming for this company.', 'Coming Soon', null, null, 'Placeholder', 0, null, '2026-06-20T03:35:17.000Z'),
(93, 'recmhvRCALT0Tk9KP', 'Coming Soon — AEP Ohio', 'Placeholder — briefing forthcoming for this company.', 'Coming Soon', null, null, 'Placeholder', 0, null, '2026-06-20T03:32:09.000Z'),
(383, 'recmpgo5EeFREVHxR', 'Coming Soon — Submer', 'Placeholder — briefing forthcoming for this company.', 'Coming Soon', null, null, 'Placeholder', 0, null, '2026-06-20T03:43:44.000Z'),
(294, 'recmtcGXZdnAe7mu7', 'Coming Soon — Modine Manufacturing (Airedale)', 'Placeholder — briefing forthcoming for this company.', 'Coming Soon', null, null, 'Placeholder', 0, null, '2026-06-20T03:40:44.000Z'),
(202, 'recmvsjRjctaODxDg', 'Coming Soon — EkkoSense', 'Placeholder — briefing forthcoming for this company.', 'Coming Soon', null, null, 'Placeholder', 0, null, '2026-06-20T03:35:17.000Z'),
(196, 'recmy4Ps4nZ9rvbBJ', 'Coming Soon — DXC Technology', 'Placeholder — briefing forthcoming for this company.', 'Coming Soon', null, null, 'Placeholder', 0, null, '2026-06-20T03:35:17.000Z'),
(365, 'recnC0hkd8mF8qU4A', 'Coming Soon — SenseTime', 'Placeholder — briefing forthcoming for this company.', 'Coming Soon', null, null, 'Placeholder', 0, null, '2026-06-20T03:42:15.000Z'),
(359, 'recnLzppCwtmdoU3g', 'Coming Soon — run:ai (NVIDIA)', 'Placeholder — briefing forthcoming for this company.', 'Coming Soon', null, null, 'Placeholder', 0, null, '2026-06-20T03:42:15.000Z'),
(283, 'recnRYFCZbDTEVj7X', 'Coming Soon — Mainova WebHouse', 'Placeholder — briefing forthcoming for this company.', 'Coming Soon', null, null, 'Placeholder', 0, null, '2026-06-20T03:40:44.000Z'),
(293, 'recnUZTsBLVPCwWdO', 'Coming Soon — Mitsubishi Electric', 'Placeholder — briefing forthcoming for this company.', 'Coming Soon', null, null, 'Placeholder', 0, null, '2026-06-20T03:40:44.000Z'),
(290, 'recnUu73JHZxi2FCd', 'Coming Soon — Microsoft Azure', 'Placeholder — briefing forthcoming for this company.', 'Coming Soon', null, null, 'Placeholder', 0, null, '2026-06-20T03:40:44.000Z'),
(405, 'recnV5TZHhXZBlgw8', 'Coming Soon — TPG', 'Placeholder — briefing forthcoming for this company.', 'Coming Soon', null, null, 'Placeholder', 0, null, '2026-06-20T03:43:44.000Z'),
(121, 'recng4jSpwcNisYgP', 'Coming Soon — Baidu', 'Placeholder — briefing forthcoming for this company.', 'Coming Soon', null, null, 'Placeholder', 0, null, '2026-06-20T03:32:09.000Z'),
(159, 'recnjDf7jRNPCL1WL', 'Coming Soon — Cologix', 'Placeholder — briefing forthcoming for this company.', 'Coming Soon', null, null, 'Placeholder', 0, null, '2026-06-20T03:33:45.000Z'),
(79, 'recnkRlll9vRvkJ8s', 'Coming Soon — Cyber Insurance & Tech E&O', 'Placeholder — briefing forthcoming for this sub-domain.', 'Draft', null, null, 'Placeholder', 0, null, '2026-06-20T03:22:09.000Z'),
(281, 'recoIiIYmd45jIN71', 'Coming Soon — Macquarie Data Centres', 'Placeholder — briefing forthcoming for this company.', 'Coming Soon', null, null, 'Placeholder', 0, null, '2026-06-20T03:40:44.000Z'),
(161, 'recoL6Wy6E21F8ssJ', 'Coming Soon — Constellation Energy', 'Placeholder — briefing forthcoming for this company.', 'Coming Soon', null, null, 'Placeholder', 0, null, '2026-06-20T03:33:45.000Z'),
(364, 'recog7VPaV3trIwvl', 'Coming Soon — Schneider Electric IT (UK/EMEA)', 'Placeholder — briefing forthcoming for this company.', 'Coming Soon', null, null, 'Placeholder', 0, null, '2026-06-20T03:42:15.000Z'),
(271, 'recopoCiTn39LsloY', 'Coming Soon — Lefdal Mine Datacenter', 'Placeholder — briefing forthcoming for this company.', 'Coming Soon', null, null, 'Placeholder', 0, null, '2026-06-20T03:36:49.000Z'),
(72, 'recowzfyejfKb9NzY', 'Coming Soon — Building Management Systems & HVAC Control', 'Placeholder — briefing forthcoming for this sub-domain.', 'Draft', null, null, 'Placeholder', 0, null, '2026-06-20T03:22:09.000Z'),
(141, 'recp49u8lTpRt7ywK', 'Coming Soon — Carrier Global', 'Placeholder — briefing forthcoming for this company.', 'Coming Soon', null, null, 'Placeholder', 0, null, '2026-06-20T03:33:45.000Z'),
(142, 'recpT3oJDMxz7ebZa', 'Coming Soon — Castrol', 'Placeholder — briefing forthcoming for this company.', 'Coming Soon', null, null, 'Placeholder', 0, null, '2026-06-20T03:33:45.000Z'),
(164, 'recpWMQ8jtFXTvzRv', 'Coming Soon — CoreSite Realty Corporation', 'Placeholder — briefing forthcoming for this company.', 'Coming Soon', null, null, 'Placeholder', 0, null, '2026-06-20T03:33:45.000Z'),
(82, 'recpZeCjz7Eq0uqSf', 'Coming Soon — 11:11 Systems', 'Placeholder — briefing forthcoming for this company.', 'Coming Soon', null, null, 'Placeholder', 0, null, '2026-06-20T03:32:09.000Z'),
(131, 'recpe7OiuE2iQAB0D', 'Coming Soon — Bridge Data Centres (BDC)', 'Placeholder — briefing forthcoming for this company.', 'Coming Soon', null, null, 'Placeholder', 0, null, '2026-06-20T03:33:45.000Z'),
(52, 'recpm9XzmWC5mwefS', 'Coming Soon — Long-Lead Equipment & Supply Chain', 'Placeholder — briefing forthcoming for this sub-domain.', 'Draft', null, null, 'Placeholder', 0, null, '2026-06-20T03:22:09.000Z'),
(81, 'recpqJUKK3wJEMs9r', 'Coming Soon — 5C Group', 'Placeholder — briefing forthcoming for this company.', 'Coming Soon', null, null, 'Placeholder', 0, null, '2026-06-20T03:32:09.000Z'),
(414, 'recpzlEmaGsC96siM', 'Coming Soon — Tyson (cooling)', 'Placeholder — briefing forthcoming for this company.', 'Coming Soon', null, null, 'Placeholder', 0, null, '2026-06-20T03:43:44.000Z'),
(118, 'recqBYi9EVGk5tNYm', 'Coming Soon — Atman', 'Placeholder — briefing forthcoming for this company.', 'Coming Soon', null, null, 'Placeholder', 0, null, '2026-06-20T03:32:09.000Z'),
(327, 'recqZZDb8rCwlir1t', 'Coming Soon — OpenAI', 'Placeholder — briefing forthcoming for this company.', 'Coming Soon', null, null, 'Placeholder', 0, null, '2026-06-20T03:40:44.000Z'),
(272, 'recqa7wH2pfMjKEAO', 'Coming Soon — Lenovo', 'Placeholder — briefing forthcoming for this company.', 'Coming Soon', null, null, 'Placeholder', 0, null, '2026-06-20T03:36:49.000Z'),
(127, 'recqaqp9icZPlYY4r', 'Coming Soon — BlackChamber Group', 'Placeholder — briefing forthcoming for this company.', 'Coming Soon', null, null, 'Placeholder', 0, null, '2026-06-20T03:32:09.000Z'),
(340, 'recqbb8AG8qu7fykv', 'Coming Soon — PowerHouse Data Centers', 'Placeholder — briefing forthcoming for this company.', 'Coming Soon', null, null, 'Placeholder', 0, null, '2026-06-20T03:42:15.000Z'),
(191, 'recqm16zC3SHKpU4P', 'Coming Soon — Dominion Energy', 'Placeholder — briefing forthcoming for this company.', 'Coming Soon', null, null, 'Placeholder', 0, null, '2026-06-20T03:35:17.000Z'),
(362, 'recqzQFpkIJ81a7I0', 'Coming Soon — Saudi Data & AI Authority (SDAIA)', 'Placeholder — briefing forthcoming for this company.', 'Coming Soon', null, null, 'Placeholder', 0, null, '2026-06-20T03:42:15.000Z'),
(179, 'recrCIQNAvdoDR9T4', 'Coming Soon — DC Blox', 'Placeholder — briefing forthcoming for this company.', 'Coming Soon', null, null, 'Placeholder', 0, null, '2026-06-20T03:33:45.000Z'),
(55, 'recrMxsTBqM8JN47s', 'Coming Soon — Competing Silicon & Alternative Accelerators', 'Placeholder — briefing forthcoming for this sub-domain.', 'Draft', null, null, 'Placeholder', 0, null, '2026-06-20T03:22:09.000Z'),
(149, 'recrRZTysqqXATMsE', 'Coming Soon — Chunghwa Post', 'Placeholder — briefing forthcoming for this company.', 'Coming Soon', null, null, 'Placeholder', 0, null, '2026-06-20T03:33:45.000Z'),
(53, 'recrgnPkToTIXcHzT', 'Coming Soon — APAC / LATAM / MENA Media Coverage', 'Placeholder — briefing forthcoming for this sub-domain.', 'Draft', null, null, 'Placeholder', 0, null, '2026-06-20T03:22:09.000Z'),
(221, 'recrnHFZfzyFQbNjn', 'Coming Soon — G42 Cloud', 'Placeholder — briefing forthcoming for this company.', 'Coming Soon', null, null, 'Placeholder', 0, null, '2026-06-20T03:35:17.000Z'),
(280, 'recrzcuwud9bREfbp', 'Coming Soon — Macquarie Asset Management', 'Placeholder — briefing forthcoming for this company.', 'Coming Soon', null, null, 'Placeholder', 0, null, '2026-06-20T03:40:44.000Z'),
(338, 'recs4zEahgG2SeNOn', 'Coming Soon — Portus Data Centers', 'Placeholder — briefing forthcoming for this company.', 'Coming Soon', null, null, 'Placeholder', 0, null, '2026-06-20T03:42:15.000Z'),
(130, 'recs6kDXP8EmCApsn', 'Coming Soon — Blue Owl / Beale Infrastructure', 'Placeholder — briefing forthcoming for this company.', 'Coming Soon', null, null, 'Placeholder', 0, null, '2026-06-20T03:33:45.000Z'),
(417, 'recsA0fcaBUOjwfO1', 'Coming Soon — Varentec', 'Placeholder — briefing forthcoming for this company.', 'Coming Soon', null, null, 'Placeholder', 0, null, '2026-06-20T03:43:44.000Z'),
(171, 'recsNlI3q73NwKX7B', 'Coming Soon — Customized Energy Solutions', 'Placeholder — briefing forthcoming for this company.', 'Coming Soon', null, null, 'Placeholder', 0, null, '2026-06-20T03:33:45.000Z'),
(54, 'recsSmMe3WvfS6pgK', 'Coming Soon — Data Center Property & Casualty Insurance', 'Placeholder — briefing forthcoming for this sub-domain.', 'Draft', null, null, 'Placeholder', 0, null, '2026-06-20T03:22:09.000Z'),
(113, 'recsZWGLpRwSs7y0D', 'Coming Soon — Arista Networks', 'Placeholder — briefing forthcoming for this company.', 'Coming Soon', null, null, 'Placeholder', 0, null, '2026-06-20T03:32:09.000Z'),
(270, 'recsflDk76XHqJUbu', 'Coming Soon — Lambda Labs', 'Placeholder — briefing forthcoming for this company.', 'Coming Soon', null, null, 'Placeholder', 0, null, '2026-06-20T03:36:49.000Z'),
(323, 'recsuZzLihRq77tMd', 'Coming Soon — OneAs1a', 'Placeholder — briefing forthcoming for this company.', 'Coming Soon', null, null, 'Placeholder', 0, null, '2026-06-20T03:40:44.000Z'),
(66, 'rectEw6Oz5qAMBRW0', 'Coming Soon — Facility DCIM & Digital Twin', 'Placeholder — briefing forthcoming for this sub-domain.', 'Draft', null, null, 'Placeholder', 0, null, '2026-06-20T03:22:09.000Z'),
(307, 'rectFi8dC0OHEgwj6', 'Coming Soon — Neurok Thermocon Inc', 'Placeholder — briefing forthcoming for this company.', 'Coming Soon', null, null, 'Placeholder', 0, null, '2026-06-20T03:40:44.000Z'),
(321, 'rectHT3YMuVXiw0XG', 'Coming Soon — Oklo Inc', 'Placeholder — briefing forthcoming for this company.', 'Coming Soon', null, null, 'Placeholder', 0, null, '2026-06-20T03:40:44.000Z'),
(423, 'rectJX26FFBZez4zc', 'Coming Soon — Vodafone', 'Placeholder — briefing forthcoming for this company.', 'Coming Soon', null, null, 'Placeholder', 0, null, '2026-06-20T03:43:44.000Z'),
(220, 'rectJdJzWUC11Xu0D', 'Coming Soon — FPT Telecom', 'Placeholder — briefing forthcoming for this company.', 'Coming Soon', null, null, 'Placeholder', 0, null, '2026-06-20T03:35:17.000Z'),
(431, 'rectX03Z0JjHdfXu2', 'Coming Soon — X-energy', 'Placeholder — briefing forthcoming for this company.', 'Coming Soon', null, null, 'Placeholder', 0, null, '2026-06-20T03:44:11.000Z'),
(284, 'rectgjgxQgYRsaaQU', 'Coming Soon — Mapletree Industrial', 'Placeholder — briefing forthcoming for this company.', 'Coming Soon', null, null, 'Placeholder', 0, null, '2026-06-20T03:40:44.000Z'),
(333, 'recttR3Rfy1TyzsUt', 'Coming Soon — PAIX Data Centres', 'Placeholder — briefing forthcoming for this company.', 'Coming Soon', null, null, 'Placeholder', 0, null, '2026-06-20T03:42:15.000Z'),
(135, 'recuEfTcP391ZqEeJ', 'Coming Soon — BW Digital', 'Placeholder — briefing forthcoming for this company.', 'Coming Soon', null, null, 'Placeholder', 0, null, '2026-06-20T03:33:45.000Z'),
(313, 'recuEolsCXa3BOu86', 'Coming Soon — Novva', 'Placeholder — briefing forthcoming for this company.', 'Coming Soon', null, null, 'Placeholder', 0, null, '2026-06-20T03:40:44.000Z'),
(85, 'recuLmq0x1bl2BQ2w', 'Coming Soon — ABB', 'Placeholder — briefing forthcoming for this company.', 'Coming Soon', null, null, 'Placeholder', 0, null, '2026-06-20T03:32:09.000Z'),
(298, 'recuQdJD8KJaPIVoS', 'Coming Soon — Motivair Corporation', 'Placeholder — briefing forthcoming for this company.', 'Coming Soon', null, null, 'Placeholder', 0, null, '2026-06-20T03:40:44.000Z'),
(301, 'recuSErkL1eC4o89Z', 'Coming Soon — Nabiax', 'Placeholder — briefing forthcoming for this company.', 'Coming Soon', null, null, 'Placeholder', 0, null, '2026-06-20T03:40:44.000Z'),
(152, 'recuTA3xrAdba62p4', 'Coming Soon — CISA', 'Placeholder — briefing forthcoming for this company.', 'Coming Soon', null, null, 'Placeholder', 0, null, '2026-06-20T03:33:45.000Z'),
(214, 'recuwU15KF6HCRCAV', 'Coming Soon — Evoque Data Center Solutions', 'Placeholder — briefing forthcoming for this company.', 'Coming Soon', null, null, 'Placeholder', 0, null, '2026-06-20T03:35:17.000Z'),
(3, 'recuyFtQu8Dud7Jes', 'Williams vs. Enbridge — Two Postures into the PJM Bottleneck', 'Comparative thesis on two midstream gas players'' strategies into the PJM large-load power bottleneck.', 'Draft', 'https://gamma.app/docs/Williams-vs-Enbridge-Two-Postures-into-the-PJM-Bottleneck-kdroggxuq74ar9h', 'g_nhi0od7p2482uwa', 'Yes', 0, null, '2026-06-20T02:59:59.000Z'),
(216, 'recvKcM7UwfbPXBf1', 'Coming Soon — Expedient', 'Placeholder — briefing forthcoming for this company.', 'Coming Soon', null, null, 'Placeholder', 0, null, '2026-06-20T03:35:17.000Z'),
(185, 'recvSd7aJMVUaQSCY', 'Coming Soon — DG Matrix', 'Placeholder — briefing forthcoming for this company.', 'Coming Soon', null, null, 'Placeholder', 0, null, '2026-06-20T03:35:17.000Z'),
(146, 'recvZxe4Jtl0dSCnq', 'Coming Soon — Chemours', 'Placeholder — briefing forthcoming for this company.', 'Coming Soon', null, null, 'Placeholder', 0, null, '2026-06-20T03:33:45.000Z'),
(291, 'recvh15UdDjyF86fT', 'Coming Soon — MISO', 'Placeholder — briefing forthcoming for this company.', 'Coming Soon', null, null, 'Placeholder', 0, null, '2026-06-20T03:40:44.000Z'),
(49, 'recvhHizrXlqCI9hs', 'Coming Soon — Direct-to-Chip Liquid Cooling (DLC)', 'Placeholder — briefing forthcoming for this sub-domain.', 'Draft', null, null, 'Placeholder', 0, null, '2026-06-20T03:21:11.000Z'),
(416, 'recvlJ2vEgx04Ho4c', 'Coming Soon — Vantage Data Centers', 'Placeholder — briefing forthcoming for this company.', 'Coming Soon', null, null, 'Placeholder', 0, null, '2026-06-20T03:43:44.000Z'),
(38, 'recvmvroRi5Meylsd', 'Coming Soon — Carbon Accounting & Scope 1-3 Reporting', 'Placeholder — briefing forthcoming for this sub-domain.', 'Draft', null, null, 'Placeholder', 0, null, '2026-06-20T03:21:11.000Z'),
(330, 'recvnBsojIiFJUeaT', 'Coming Soon — Opus Interactive', 'Placeholder — briefing forthcoming for this company.', 'Coming Soon', null, null, 'Placeholder', 0, null, '2026-06-20T03:42:15.000Z'),
(194, 'recvpVowN7fSViPQQ', 'Coming Soon — du', 'Placeholder — briefing forthcoming for this company.', 'Coming Soon', null, null, 'Placeholder', 0, null, '2026-06-20T03:35:17.000Z'),
(19, 'recvpmFlKGsf032cb', 'McKinsey''s $5.2 Trillion Forecast — Where AI Infrastructure Capital Will Flow by 2030', 'Breakdown of McKinsey''s $5.2T forecast for AI infrastructure capital flows to 2030.', 'Draft', 'https://gamma.app/docs/McKinseys-52-Trillion-Forecast-Where-AI-Infrastructure-Capital-Wi-dm1muwrj7dkk05b', 'g_2sg7hbswljkdern', 'Yes', 0, null, '2026-06-20T03:00:23.000Z'),
(76, 'recvqOZCrtJWuz6RC', 'Coming Soon — UPS, Storage & Power Conditioning', 'Placeholder — briefing forthcoming for this sub-domain.', 'Draft', null, null, 'Placeholder', 0, null, '2026-06-20T03:22:09.000Z'),
(325, 'recvzYcaYPpCKbO2h', 'Coming Soon — OpCore', 'Placeholder — briefing forthcoming for this company.', 'Coming Soon', null, null, 'Placeholder', 0, null, '2026-06-20T03:40:44.000Z'),
(422, 'recw5Vw1VZoooCuio', 'Coming Soon — Virtus Data Centers', 'Placeholder — briefing forthcoming for this company.', 'Coming Soon', null, null, 'Placeholder', 0, null, '2026-06-20T03:43:44.000Z'),
(157, 'recwDAxUZWYqex0qF', 'Coming Soon — Cohesity', 'Placeholder — briefing forthcoming for this company.', 'Coming Soon', null, null, 'Placeholder', 0, null, '2026-06-20T03:33:45.000Z'),
(305, 'recwU34mNcQql9jhr', 'Coming Soon — NeoFan', 'Placeholder — briefing forthcoming for this company.', 'Coming Soon', null, null, 'Placeholder', 0, null, '2026-06-20T03:40:44.000Z'),
(381, 'recwWQmX3uveq1rMR', 'Coming Soon — Stellium Datacenters', 'Placeholder — briefing forthcoming for this company.', 'Coming Soon', null, null, 'Placeholder', 0, null, '2026-06-20T03:43:44.000Z'),
(111, 'recwX7Hv6CbQv9flk', 'Coming Soon — Ares Management / Ada Infrastructure', 'Placeholder — briefing forthcoming for this company.', 'Coming Soon', null, null, 'Placeholder', 0, null, '2026-06-20T03:32:09.000Z'),
(378, 'recwXvrGS8Bzo4mGH', 'Coming Soon — Stargate (OpenAI/SoftBank/Oracle)', 'Placeholder — briefing forthcoming for this company.', 'Coming Soon', null, null, 'Placeholder', 0, null, '2026-06-20T03:42:15.000Z'),
(306, 'recwh62mK2zYM8Lpm', 'Coming Soon — NetApp', 'Placeholder — briefing forthcoming for this company.', 'Coming Soon', null, null, 'Placeholder', 0, null, '2026-06-20T03:40:44.000Z'),
(203, 'recwxWNoy1w8qObK2', 'Coming Soon — Element Critical', 'Placeholder — briefing forthcoming for this company.', 'Coming Soon', null, null, 'Placeholder', 0, null, '2026-06-20T03:35:17.000Z'),
(384, 'recx0UTXK6gFSYlXZ', 'Coming Soon — Sumitomo Chemical', 'Placeholder — briefing forthcoming for this company.', 'Coming Soon', null, null, 'Placeholder', 0, null, '2026-06-20T03:43:44.000Z'),
(166, 'recx6FeJlWWj1Ezww', 'Coming Soon — CPPIB (Canada)', 'Placeholder — briefing forthcoming for this company.', 'Coming Soon', null, null, 'Placeholder', 0, null, '2026-06-20T03:33:45.000Z'),
(90, 'recxFiwaYLFgDgpRt', 'Coming Soon — Adgar', 'Placeholder — briefing forthcoming for this company.', 'Coming Soon', null, null, 'Placeholder', 0, null, '2026-06-20T03:32:09.000Z'),
(322, 'recxfWsS3egVPdVLv', 'Coming Soon — Olkaria EcoCloud Data Center', 'Placeholder — briefing forthcoming for this company.', 'Coming Soon', null, null, 'Placeholder', 0, null, '2026-06-20T03:40:44.000Z'),
(86, 'recxuBPwDPhGdyMrj', 'Coming Soon — Accelsius', 'Placeholder — briefing forthcoming for this company.', 'Coming Soon', null, null, 'Placeholder', 0, null, '2026-06-20T03:32:09.000Z'),
(165, 'recydYAAFADXter7s', 'Coming Soon — CoreWeave', 'Placeholder — briefing forthcoming for this company.', 'Coming Soon', null, null, 'Placeholder', 0, null, '2026-06-20T03:33:45.000Z'),
(83, 'recye5UMlj0J4vfBc', 'Coming Soon — 21st Century Technologies', 'Placeholder — briefing forthcoming for this company.', 'Coming Soon', null, null, 'Placeholder', 0, null, '2026-06-20T03:32:09.000Z'),
(182, 'recynBNuprPsFMs00', 'Coming Soon — DEEP (Data Center)', 'Placeholder — briefing forthcoming for this company.', 'Coming Soon', null, null, 'Placeholder', 0, null, '2026-06-20T03:35:17.000Z'),
(201, 'recyprtbzRu5DIf81', 'Coming Soon — Efficient Power Conversion (EPC)', 'Placeholder — briefing forthcoming for this company.', 'Coming Soon', null, null, 'Placeholder', 0, null, '2026-06-20T03:35:17.000Z'),
(173, 'recyzszYVZugqGlm9', 'Coming Soon — Daikin', 'Placeholder — briefing forthcoming for this company.', 'Coming Soon', null, null, 'Placeholder', 0, null, '2026-06-20T03:33:45.000Z'),
(363, 'recz60eCCmKoR6jVf', 'Coming Soon — Schneider Electric', 'Placeholder — briefing forthcoming for this company.', 'Coming Soon', null, null, 'Placeholder', 0, null, '2026-06-20T03:42:15.000Z'),
(167, 'reczAWmbSrY2HQn5X', 'Coming Soon — Crane Data Centers', 'Placeholder — briefing forthcoming for this company.', 'Coming Soon', null, null, 'Placeholder', 0, null, '2026-06-20T03:33:45.000Z'),
(375, 'reczEyep4JnRaBueV', 'Coming Soon — Solvay', 'Placeholder — briefing forthcoming for this company.', 'Coming Soon', null, null, 'Placeholder', 0, null, '2026-06-20T03:42:15.000Z'),
(56, 'reczN3Nl7DuQk7xBD', 'Coming Soon — Big 5 Capex & Campus Announcements', 'Placeholder — briefing forthcoming for this sub-domain.', 'Draft', null, null, 'Placeholder', 0, null, '2026-06-20T03:22:09.000Z'),
(228, 'reczQmjcQMbIU9fJR', 'Coming Soon — GIGABYTE Technology', 'Placeholder — briefing forthcoming for this company.', 'Coming Soon', null, null, 'Placeholder', 0, null, '2026-06-20T03:35:17.000Z'),
(65, 'reczgHQY48YnjQNP5', 'Coming Soon — Cyber Incidents Targeting DC Infrastructure', 'Placeholder — briefing forthcoming for this sub-domain.', 'Draft', null, null, 'Placeholder', 0, null, '2026-06-20T03:22:09.000Z'),
(133, 'reczibYlkM4F3exAF', 'Coming Soon — Broadcom', 'Placeholder — briefing forthcoming for this company.', 'Coming Soon', null, null, 'Placeholder', 0, null, '2026-06-20T03:33:45.000Z'),
(30, 'reczo0CQYkTD9gZCc', 'Coming Soon — Software Supply Chain & Vendor Risk', 'Placeholder — briefing forthcoming for this sub-domain.', 'Draft', null, null, 'Placeholder', 0, null, '2026-06-20T03:21:11.000Z')
on conflict (briefing_id) do nothing;

-- ── Seed: domain links ──────────────────────────────────────────────────────
insert into faraday_briefing_domains (briefing_id, domain_code) values
(8, 'D9'),
(8, 'D2'),
(2, 'D5'),
(2, 'D4'),
(10, 'D4'),
(10, 'D9'),
(4, 'D5'),
(4, 'D6'),
(14, 'D4'),
(9, 'D7'),
(15, 'D2'),
(15, 'D3'),
(18, 'D22'),
(18, 'D4'),
(13, 'D3'),
(5, 'D6'),
(5, 'D5'),
(6, 'D4'),
(12, 'D4'),
(17, 'D7'),
(17, 'D2'),
(16, 'D2'),
(16, 'D7'),
(7, 'D14'),
(7, 'D5'),
(20, 'D4'),
(3, 'D3'),
(3, 'D2'),
(19, 'D4'),
(19, 'D22')
on conflict do nothing;

-- ── Seed: sub-domain links ──────────────────────────────────────────────────
insert into faraday_briefing_subdomains (briefing_id, subdomain_code) values
(57, 'D1.2'),
(29, 'D3.1'),
(44, 'D23.4'),
(60, 'D3.2'),
(41, 'D14.1'),
(34, 'D19.5'),
(45, 'D16.2'),
(28, 'D3.3'),
(33, 'D4.2'),
(24, 'D9.2'),
(35, 'D8.2'),
(78, 'D9.1'),
(39, 'D11.1'),
(64, 'D16.1'),
(68, 'D2.1'),
(70, 'D10.2'),
(73, 'D4.1'),
(61, 'D7.3'),
(23, 'D23.1'),
(74, 'D23.2'),
(31, 'D4.3'),
(62, 'D19.1'),
(59, 'D19.3'),
(25, 'D22.2'),
(26, 'D5.2'),
(46, 'D1.1'),
(36, 'D16.3'),
(43, 'D19.4'),
(48, 'D22.1'),
(42, 'D15.1'),
(67, 'D18.1'),
(75, 'D22.4'),
(22, 'D21.4'),
(69, 'D7.2'),
(40, 'D4.4'),
(58, 'D6.1'),
(21, 'D2.4'),
(63, 'D10.3'),
(50, 'D6.2'),
(37, 'D2.2'),
(47, 'D8.1'),
(27, 'D16.6'),
(32, 'D19.2'),
(77, 'D16.4'),
(51, 'D21.3'),
(79, 'D21.2'),
(72, 'D20.1'),
(52, 'D10.1'),
(55, 'D1.3'),
(53, 'D22.3'),
(54, 'D21.1'),
(66, 'D20.2'),
(49, 'D7.1'),
(38, 'D11.2'),
(76, 'D2.3'),
(56, 'D5.1'),
(65, 'D23.3'),
(30, 'D16.5')
on conflict do nothing;

-- ── Seed: theme links (canon T-codes; see README re faraday_themes name drift)
insert into faraday_briefing_themes (briefing_id, theme_code) values
(10, 'T-004'),
(4, 'T-005'),
(14, 'T-004'),
(15, 'T-001'),
(13, 'T-003'),
(5, 'T-005'),
(6, 'T-004'),
(12, 'T-004'),
(20, 'T-004'),
(3, 'T-001'),
(19, 'T-004')
on conflict do nothing;

-- ── Seed: company links (guarded against tracking_companies) ────────────────
create temp table _briefing_company_links (briefing_id int, company_id text, company_name text) on commit drop;
insert into _briefing_company_links (briefing_id, company_id, company_name) values
(206, 'rec9XhS3XiTBpQfUR', 'Engineered Fluids'),
(147, 'recsq6yNDVuQjv3PS', 'China Mobile International'),
(247, 'recU3hbeyHkbZG0Jg', 'HUMAIN (Saudi Arabia)'),
(186, 'recYSPh2hIND5Hvzw', 'Digital Parks Africa'),
(94, 'recILlziYWU25upAC', 'Africa Data Centres'),
(317, 'rec59vEJHTa1IUqbB', 'NTT/RagingWire Data Centers'),
(373, 'reccbBKVuLQR4utSd', 'SoftBank Group'),
(177, 'recslhgwcLjn0QO9F', 'Datacenter United'),
(413, 'recaVVwfUayWcnfhK', 'Turner Construction'),
(328, 'rec8Zc7pul39XbfjU', 'Oppidan Investment Company'),
(239, 'recOEuAAy9g9NSWI3', 'Hammond Power Solutions'),
(256, 'recx4rmfnTGOZtJGq', 'Inspur'),
(209, 'recuQkafW47Usfo2r', 'Entergy'),
(88, 'rec7h9xsUh5QFdgmH', 'Actis'),
(336, 'recglNCyPqvjJGVny', 'PIF (Saudi Public Investment Fund)'),
(119, 'recZOBzjMs4Y1iYkx', 'Atos'),
(356, 'recKjyuBmOgHkAoLS', 'Resonac Holdings'),
(151, 'recwtBeGAvZpfXh3E', 'Cibicom'),
(243, 'recg70FeKzaF4m0uY', 'Hitachi Energy'),
(181, 'recdYrWuyJE5IBcWf', 'DE-CIX'),
(354, 'recqPF2v0Jm3XM9yr', 'Redapt'),
(341, 'reckJFzHgTDypAkid', 'Prime Data Centers'),
(255, 'rec8ItWCD3pJzw8VK', 'Infineon Technologies'),
(248, 'recmKFNJa30paOXut', 'HUMAIN / stc center3 JV'),
(339, 'rechrOSPVoIt0ny7p', 'Powell Industries'),
(299, 'rec4JYYIo0cpTDPFr', 'MTN Business'),
(352, 'recQZ1T0bG3I3Nhf7', 'Rain AI'),
(168, 'recTqSdCl6B8tdqX4', 'Crusoe'),
(102, 'rec0D3DB1M7rYWtyh', 'Amazon (AWS)'),
(274, 'recBjiComEcRr5tIx', 'LightEdge Solutions'),
(309, 'recw1ccI0DjAuK1Ts', 'Nlyte Software'),
(377, 'recbVG7IyktATc2Of', 'Stackinfrastructure'),
(163, 'rec34aRBRnbQR4Xtx', 'COPT'),
(275, 'recqHssjoIi0jBHAV', 'LiquidCool Solutions'),
(371, 'recoA5RVzYQK6SpqF', 'SK Telecom (SKT)'),
(412, 'rec59REQkG3QeQJcR', 'TURKCELL'),
(106, 'recDvY78AikH8nH9O', 'Anthropic'),
(230, 'recVdZVkVwPDtSNOi', 'Global Technical Realty'),
(89, 'rec05wRsfBKkDnXEM', 'Ada Infrastructure'),
(287, 'recJQhPTEZ3H3nK5D', 'Menlo Equities'),
(103, 'reczb3XshXWL3MFGV', 'AMD'),
(215, 'rectQLh7BAbCAU100', 'evroc'),
(8, 'recItKWuGHBfEdYLs', 'Schneider Electric'),
(122, 'recobo78hkgGKbfJK', 'Baidu AI Cloud'),
(112, 'recqxkGO64pME7Qfl', 'Arieca'),
(225, 'recnVwsaJJWZBD5Rv', 'Gaw Capital Partners'),
(355, 'receWuCunBNNb1jXm', 'Reliance Communications'),
(223, 'recLTnmNseJo2CwL2', 'Galaxy Data Centers'),
(278, 'rec6yQIHmsSNeP8R0', 'Lotte Data Communications'),
(124, 'recHKJ4WL199oEAhU', 'Beale Infrastructure'),
(304, 'recFtUDhhk15EjqdX', 'Nebius'),
(311, 'recdgqbVwlZTXY6eq', 'Noris Network'),
(176, 'rectDuqsyOcdScfU3', 'DataBank'),
(97, 'recQViYq3fCKzNftD', 'Airtel Nxtra'),
(264, 'recTXjDzgtTXvRU7p', 'JetCool'),
(261, 'recplKpV3plnkiKm1', 'Iron Mountain Data Centers'),
(231, 'rec25eCiRVm6DJXOI', 'Goldman Sachs Alternatives'),
(217, 'recdqpJkX87K1jsTd', 'First Colo'),
(200, 'reck1u7IQVTiFWpRF', 'EdgeCore Internet Real Estate'),
(134, 'recz0XZQkNFa5Osrj', 'Brookfield Asset Management'),
(434, 'recG75pWjk9QdmrNI', 'YTL Data Centre Holdings'),
(249, 'recmr1QTTf98VniV7', 'Hyperscale Data Inc'),
(320, 'recK7TfemMFuXwcWE', 'NYISO'),
(295, 'recIsExLlLuNZUsyi', 'Morohub'),
(347, 'recvM2durxA0Lit8p', 'Quantum Switch'),
(394, 'rec846lFBuO1rjoaA', 'Telecom Egypt'),
(395, 'reciXR3gcUzRBH2Vt', 'Telehouse Canada'),
(250, 'recFJegXIDtnj8wb9', 'Hyperview'),
(114, 'recIkXpWgnwaspqKj', 'Aruba.it'),
(138, 'recoFIxR3NfoQ6CYd', 'CAISO'),
(404, 'recjAsjTp63TkzbD3', 'TierPoint'),
(84, 'recyTN60EPWGJvWJN', '365 Data Centers'),
(253, 'recNAnliA1CSOwATE', 'iM Critical'),
(198, 'recQ0IdcLqAs5qpod', 'EcoDataCenter'),
(265, 'recCMA2sHsWypv6Eg', 'JLL'),
(331, 'recDlQEwhcqAJ3wPX', 'Oracle'),
(357, 'recCesRYwoIuXg3kQ', 'Rittal'),
(244, 'recMBbrKXlWOuO1Ik', 'Hitachi Vantara'),
(240, 'recQZdg1zVmWG8jFN', 'Heliox'),
(426, 'recCxIdv9w86SAWxq', 'Williams Companies'),
(349, 'recmu3N2eoVIKopB1', 'Racks Central'),
(2, 'recUUUJHRNUqE6DyM', 'Iron Mountain'),
(162, 'recMlZwynhV0TgHre', 'Converge ICT Solutions'),
(120, 'rec6MT3MpLXfxQ581', 'Auras Technology'),
(144, 'rec9mwCLr3TRFfMgd', 'CBRE'),
(260, 'recUUUJHRNUqE6DyM', 'Iron Mountain'),
(178, 'recyqggTsBPOojCZJ', 'Dawiyat'),
(10, 'reccpBCR94rwCmJQJ', 'Accenture'),
(367, 'rec7xEF7lGICswMBb', 'ServerFarm'),
(335, 'recotgU8gvEylDpD4', 'PhoenixNAP'),
(125, 'recbkwyX8Au6YlW0Q', 'Bechtel Nuclear'),
(233, 'recZheiWmbahCDHus', 'Google DeepMind'),
(401, 'recqgRWrW6qUfoHVM', 'TeraWulf Inc'),
(314, 'rec9HVoinzbkFYZ6U', 'Nscale'),
(403, 'recHbToafic4LclS4', 'Thesee DataCenter'),
(424, 'recVulR3pJdLYw19d', 'VoltaGrid'),
(372, 'rectqQekvyaxyhYrK', 'SmartD Technologies'),
(199, 'recXliwSAtRZBtGC8', 'EDC/Edged'),
(310, 'reclhBuoblI6KFC7V', 'Noovle'),
(285, 'recdsKo8buI454HDP', 'Marsh'),
(188, 'recKmWmJvNs0vSwPN', 'Digital Realty Bersama'),
(400, 'rechSKDEEZdNMtBWx', 'Tencent Cloud'),
(4, 'rec0EOXflB3bwqKeE', 'CoreWeave'),
(139, 'reciGWQr07140zWTt', 'Calyos'),
(259, 'recBaluT8PKCeUHqm', 'iomart'),
(184, 'reccfniQTtpsFKdTM', 'DELSKA'),
(117, 'recJuCcoAKgmh7J4K', 'Asterion Industrial Partners'),
(99, 'rec87gsOLkVewZXhp', 'Alibaba Cloud'),
(126, 'reclNmWpvy8w4Qiv6', 'Beyond.pl'),
(100, 'rec4PKrVSYVr1cIke', 'Aligned Data Centers'),
(226, 'reckT9V2GYXDvCui3', 'GE Vernova'),
(435, 'recoNWSyBxxY606Cy', 'Zayo Group'),
(183, 'rec4byfULkNBIl45I', 'Dell Technologies'),
(361, 'rec9KyxlIGqy2B0yI', 'Samsung Foundry'),
(351, 'recO9072i5K5iTHz0', 'Radiant (Brookfield)'),
(300, 'recFHg2lq7PC816Z4', 'MYS AssetCo'),
(277, 'recxb4XkQsP46vWsr', 'LiSAT'),
(96, 'recsNLdY6m2yMDmfC', 'AIMS'),
(398, 'recZqkXjXMBrVhP5c', 'Telus'),
(257, 'recQ6Z5iy5j48BPIT', 'Intel'),
(9, 'rechWgqYNq9HxIRdF', 'Carrier Global'),
(229, 'recpzE4JP06aFepa4', 'GleSYS'),
(318, 'rec13W2I1DZkVFkWU', 'Nutanix'),
(87, 'reccpBCR94rwCmJQJ', 'Accenture'),
(197, 'recTMs0CnvsZCXjbF', 'Eaton'),
(385, 'recA2JhS8OT9ZpS2s', 'SUNeVision'),
(158, 'recxEWIQZVHaqJh8e', 'Colliers'),
(104, 'recwfrResH0QUGqCA', 'Ampere Computing'),
(172, 'recBF0q7J8dvTmjQj', 'CyrusOne'),
(408, 'rec2JdWL0B2aHFcEy', 'Transphorm'),
(189, 'recY47xW3zbG0NuoS', 'Digital Realty Trust'),
(155, 'rec6K9Ocv7eOGcq2t', 'CleanArc Data Centers'),
(192, 'recxwLkiZNQwTYaqB', 'DPR Construction'),
(95, 'rectjrGQ6NyBY0p8U', 'AI Infrastructure Partnership (AIP)'),
(286, 'recboveSIeuRi6RYf', 'MDXi (MainOne)'),
(107, 'recJeIUTrmXstV8C8', 'Apple'),
(213, 'recOkN3GgRSmxavOQ', 'Etisalat by e&'),
(227, 'recDE8tBFgXz6TYCK', 'GIC (Singapore)'),
(116, 'reci9CPcc9voc5c1y', 'Asperitas'),
(346, 'recYpElNCu3ZJf8xZ', 'QTS Realty Trust'),
(370, 'recZCvw69zlMYsnop', 'SK Holdings C&C'),
(236, 'recz84sDdBKbKIDN2', 'Grid Strategies LLC'),
(140, 'recBHO737yPUKYFcx', 'Canon IT Solutions'),
(235, 'recLTqVMovBlzsC5B', 'Green Revolution Cooling (GRC)'),
(238, 'reca3LCIgbN7eq2P1', 'H5 Data Centers'),
(143, 'rec7RNde2zzWzDDtD', 'Castrol (BP)'),
(420, 'recvEztlxrFNQS6ob', 'Vigilent'),
(343, 'recEmYdchmZyc2aBB', 'Pure Storage'),
(180, 'recWdcFtPPNBNNoc0', 'DDN (DataDirect Networks)'),
(246, 'recHjDe4lFhwuQNxr', 'Holtec International'),
(153, 'rec24Edd3K3S6XMjT', 'Cisco Systems'),
(436, 'recEJHGJjb9y07lG7', 'ZutaCore'),
(332, 'recE2d3cGyCt4Md1j', 'OVHcloud'),
(269, 'reco84cc7dOQnxhtM', 'KKR'),
(98, 'rec4erdy8YMbjyTMO', 'AirTrunk'),
(154, 'reciSL3A1YLcgubcX', 'Claro'),
(211, 'recgrFTqaNSIrYlbm', 'ERCOT'),
(358, 'recU1vMJ8fluOtZyc', 'Rowan Digital Infrastructure'),
(273, 'recyBF8bu4PoufnEp', 'Leuk Teleport & Data Centre'),
(308, 'recjiJhLoxGoCk4nM', 'NextEra Energy'),
(160, 'rec1tU1Ib1qMImwO4', 'Colovore'),
(399, 'reczj88ZNJSgN8cqZ', 'Temasek'),
(397, 'rec1pgoED4cmw0v1f', 'Telstra InfraCo'),
(387, 'rec5RPQP2eU4j99oC', 'Switch'),
(148, 'recDr3MZTYx88QgWY', 'Chirisa Technology Parks'),
(337, 'recSeAeoeS5SrekHO', 'PJM Interconnection'),
(210, 'recM6wXF7XZeQmJtp', 'Equinix'),
(128, 'recKx8SuJ1OzG2j1G', 'Blackstone'),
(390, 'recWuaDXTTPaljScA', 'Talen Energy'),
(252, 'recohYxxYqJAUro4I', 'IDC Frontier'),
(326, 'recubOS91Qw39qQwr', 'Open Access Data Centres'),
(406, 'recHw6i12yTlQqY4O', 'Tract'),
(156, 'recYs4iFiEzevjvqh', 'Coherent Corp'),
(267, 'rec3vHxS5XCJX1qSj', 'Kairos Power'),
(263, 'recwM0JDN17sXNMtm', 'JD Cloud & AI'),
(218, 'recNkcRd2WLSG8PLr', 'First Solar'),
(132, 'reccQyB3iCfDhu9GN', 'BroadBand Tower'),
(175, 'reckQpDjS2rT2OMeL', 'Data Foundry'),
(296, 'recCeFfAPCTDUxlXM', 'Mortenson'),
(376, 'recVXQ1VVNBOgTXei', 'Spark'),
(427, 'reckLFMvn6UbjQiqc', 'Wingu.Africa'),
(108, 'rec3khvfeePVRbsOH', 'Applied Digital'),
(393, 'recn04gC9YIyAvHTl', 'Taybo (Shanghai) Environmental Technology'),
(207, 'rechqOwaLq3y1CFzn', 'Enovum Data Centers'),
(150, 'recjlpFsPXKsTJx25', 'Chunghwa Telecom'),
(425, 'recKAQNyUlFWGNTBd', 'WEKA'),
(389, 'recWh05S0ZHhFxPi5', 'T5 Data Centers'),
(350, 'recEU3npOLM4M0Upk', 'Rackspace'),
(5, 'recFtUDhhk15EjqdX', 'Nebius'),
(410, 'recH3Nv7YnaogIttE', 'True IDC'),
(205, 'rec22lTM5lpQa6Kpy', 'Enbridge'),
(366, 'reccwUwKnWuaUJnAr', 'Sentinum'),
(411, 'recfowzHOVsYQCV1G', 'TSMC'),
(342, 'recdVtBIxm5uvJIFE', 'Pulsant'),
(137, 'recsjBLUFQ1VILety', 'Cadence Design Systems'),
(334, 'recZz4wV1VEvPFBQH', 'Parker Lord'),
(234, 'recGKdDydbyP6SJto', 'GPX Global'),
(109, 'reclN8UsPnta2kMjE', 'Aramco Digital'),
(402, 'recmgSGN74yvUtQnf', 'TerraPower'),
(136, 'recJA24U3KYbVAfD7', 'ByteDance / TikTok'),
(110, 'rec4rYYieXrDZOAVi', 'Ardent Data Centers'),
(91, 'recH8t217bz59Qsvz', 'ADIA (Abu Dhabi Investment Authority)'),
(208, 'rec0cwKqrWW8cf7rr', 'Ensono'),
(312, 'recXYPWAmqW7D7fJY', 'Northern Data'),
(319, 'rec4ZhBTO46HHKMlE', 'NVIDIA'),
(219, 'rec4vP6hXvoLunPg8', 'Flexential'),
(254, 'recIZJaK85xmHYAFp', 'iMasons'),
(105, 'rec76De1LrgLBpCPr', 'AMPT'),
(368, 'recBvBIvzbroAnhcS', 'Shell Energy'),
(382, 'recHJML1ZIIU159IZ', 'STMicroelectronics'),
(379, 'recd6vfOqjx4qZ6xn', 'Start Campus'),
(369, 'rect0EKtJXiLwHcZD', 'Siemens'),
(242, 'recTiI42vP8epsJ9O', 'Hewlett Packard Enterprise (HPE)'),
(324, 'recwVl7EbskPNeVm3', 'onsemi'),
(430, 'recGBt7Wh25UAto00', 'World Wide Technology (WWT)'),
(292, 'recj8lql4VSJdZGsX', 'Mistral AI'),
(345, 'recJvROimbzH26J0R', 'QTS Realty'),
(432, 'recIaSZD10bJKmPhB', 'xAI (Elon Musk)'),
(353, 'recKuD6WlFZgwELMU', 'Raxio Group'),
(129, 'recpI3IjJvXiFO7gq', 'Bloom Energy'),
(348, 'recokbFoId0yG52wF', 'Rack Centre'),
(115, 'recfRacvV1NmrECaU', 'Ascendas REIT'),
(386, 'recFFo5J1ljY3r7GV', 'Supermicro'),
(409, 'recNZFvVijMFUyatZ', 'Triara'),
(415, 'recuDMJATIJVJB1Xr', 'Uptime Institute'),
(245, 'recrVM7dlz5OslsOk', 'HKCOLO'),
(193, 'rec1sNUjN9EvVCTzR', 'Drees & Sommer'),
(419, 'rec7NvQiygG3nndEC', 'Vertiv'),
(316, 'recHhtlP3mGtJHQkH', 'NTT Global Data Centers'),
(279, 'recqOfLI9FEtNooXX', 'Luxconnect'),
(187, 'recZ8X7PPOW3LMeIe', 'Digital Realty / PlatformDIGITAL'),
(344, 'recHGuzmBG3rJoXyH', 'QScale'),
(268, 'rec7avh6UxasxFoxl', 'Khazna Data Centers'),
(360, 'recjwYHfJ7Uz7kXHl', 'Sabey Data Centers'),
(428, 'rec4mN4smpyDIy1LW', 'Wiwynn'),
(204, 'recn8uQ5oBdDWKXOU', 'Elisa'),
(429, 'recM9Cwyrx2zfGplZ', 'Wolfspeed'),
(289, 'recjLp4Lllafo1rKJ', 'MGX (Abu Dhabi)'),
(329, 'recogBvrU88XixiHR', 'Optage'),
(303, 'rec9S9J0FTCmeQnLG', 'Navitas Semiconductor'),
(7, 'recswVnYatcsl7N2K', 'EdgeConneX'),
(380, 'reciOSP3fj5wAaddj', 'Starwood Capital'),
(237, 'recvQBNUKhXKi5pAK', 'Groq'),
(190, 'recCHkDHetNbcOCD2', 'DigitalBridge'),
(224, 'rec9hpGSVbI5EnOS1', 'Galaxy Digital Inc.'),
(396, 'recOFD9zZBQxekWaV', 'Telstra'),
(80, 'recUU03TC6NipdQ0H', '3M'),
(302, 'recJmUoS3CuH6KvR0', 'Nano-Join'),
(276, 'reccmCKuseXKSWibb', 'LiquidStack'),
(374, 'recvznI9FgHymFH7A', 'Soluna'),
(407, 'recFjqsQ5K9mp01Mc', 'Trane Technologies'),
(169, 'recc0SwcEp0Pd4hhe', 'Crusoe Energy'),
(262, 'recqD4FA2kU2XYysZ', 'IXAfrica'),
(392, 'recYq5MUyiRgBWriu', 'Tavily (Nebius)'),
(391, 'recKScAzzfuYKnHUT', 'Talen Energy / Susquehanna Nuclear'),
(145, 'recUccdKxyeCWowDp', 'CENTRA (Data Centers)'),
(258, 'recOuhAHCjdKXtY1q', 'Intersect Power'),
(101, 'recgt4Bj75a13NUBk', 'Aligned Energy'),
(92, 'recUNSzOTOFEWL0Al', 'AECOM'),
(123, 'rec1hQTi4X5idTsWR', 'Bain Capital'),
(288, 'recbUOq6BqLTHuoaa', 'Meta'),
(418, 'reciisF7qsmh3wH5z', 'VAST Data'),
(222, 'recvHppRtbbApgki2', 'Gabia'),
(241, 'recliAaQnWEDv6kzQ', 'Henkel'),
(315, 'recdEeYexBzimGu3o', 'NTT / RagingWire Data Centers'),
(421, 'reccTbR8tu4YfuEiF', 'Virtual Power Systems'),
(282, 'rec7E8Bez3tp6f7VX', 'maincubes B.V.'),
(251, 'recgU6U0CUxHSNyeA', 'Iceotope'),
(388, 'recEmEwD21cz4TGPo', 'T-Systems'),
(297, 'recSIagy7EXbL3NZ3', 'Motivair (by Schneider Electric)'),
(266, 'recfsA5SBHUC9McKR', 'Juniper Networks (HPE)'),
(170, 'recYFHVUSHIymlgrO', 'Crypt-ON (Singapore / SEA)'),
(174, 'reczcQEPmwpfgTa8z', 'Daou Technology'),
(232, 'recNMzGPeQrO4vaQc', 'Google / Alphabet'),
(433, 'recSDZlx3q6fxRgPj', 'Yahoo! Japan'),
(195, 'rechQWDXzqefvqllf', 'Duke Energy'),
(212, 'recdXj8G9JIRIB9UP', 'ERMCO'),
(93, 'recPT6kK36RpUDA4s', 'AEP Ohio'),
(383, 'recz7YGsOmPd4RoWv', 'Submer'),
(294, 'recAMNlmP41uDedPj', 'Modine Manufacturing (Airedale)'),
(202, 'recTBzeJtmUc42TGW', 'EkkoSense'),
(196, 'recFy7RovgZzSscrL', 'DXC Technology'),
(365, 'recIg5TFC4I4JJe3V', 'SenseTime'),
(359, 'recS5adNulGai2wQa', 'run:ai (NVIDIA)'),
(283, 'rec3VZj9mOAYb5zQO', 'Mainova WebHouse'),
(293, 'rec8ExPGbWkaKFVkr', 'Mitsubishi Electric'),
(290, 'recHTWmnIigqfS3gm', 'Microsoft Azure'),
(405, 'recSzJRTWGnb30QY2', 'TPG'),
(121, 'rec4IWhNnK62Fti1K', 'Baidu'),
(159, 'recupo0HATGhFmwHC', 'Cologix'),
(281, 'recppdFbdFvQ6NQOD', 'Macquarie Data Centres'),
(161, 'recRBSOOy6GvWkdsL', 'Constellation Energy'),
(364, 'reca4SYanvfUFWn8W', 'Schneider Electric IT (UK/EMEA)'),
(271, 'recRYdzWDrWh3zdxW', 'Lefdal Mine Datacenter'),
(141, 'rechWgqYNq9HxIRdF', 'Carrier Global'),
(142, 'recBo41MaMdkUaPZE', 'Castrol'),
(164, 'recBNgk01ZPMFqX5p', 'CoreSite Realty Corporation'),
(82, 'recDiOggdU2iUw796', '11:11 Systems'),
(131, 'rec6t3L7uxFOzqlxU', 'Bridge Data Centres (BDC)'),
(81, 'recCtA7njwxeY1eHN', '5C Group'),
(414, 'recy3Irfz1RHeqjS2', 'Tyson (cooling)'),
(118, 'recHwmdiOZCqgDL00', 'Atman'),
(327, 'recVBCEsBGSDK52tc', 'OpenAI'),
(272, 'recneDRHqzSLqDqpL', 'Lenovo'),
(127, 'recLAM3I6O3mIm3A6', 'BlackChamber Group'),
(340, 'rec2h3drjCYUyHWuK', 'PowerHouse Data Centers'),
(191, 'recc6PNY48DFrvNEz', 'Dominion Energy'),
(362, 'recSEtoabXG239HBf', 'Saudi Data & AI Authority (SDAIA)'),
(179, 'recaRKQ0OuiAYLZHp', 'DC Blox'),
(149, 'recKhKHpzFz5PyVBm', 'Chunghwa Post'),
(221, 'recRuFSCrcIX1bAG9', 'G42 Cloud'),
(280, 'recq8pWwUGwo7hQmm', 'Macquarie Asset Management'),
(338, 'reckXJ8j3COvB9SLH', 'Portus Data Centers'),
(130, 'recQqT0KDCFQOcgSW', 'Blue Owl / Beale Infrastructure'),
(417, 'recZKXoKMbdnONMPy', 'Varentec'),
(171, 'recyvQbB90Qxjq53A', 'Customized Energy Solutions'),
(113, 'recbwo5h1uFAOhRfj', 'Arista Networks'),
(270, 'recQ5ZDHFCGGToA2L', 'Lambda Labs'),
(323, 'recnnWT7liS9uPyiD', 'OneAs1a'),
(307, 'recQFEpZiI4R1wsLN', 'Neurok Thermocon Inc'),
(321, 'recko2VibYuo2IA8W', 'Oklo Inc'),
(423, 'recroHkVRkWK3jrzt', 'Vodafone'),
(220, 'recYI2jZxJikccL2Z', 'FPT Telecom'),
(431, 'recqbyZ4dGhjmLGy4', 'X-energy'),
(284, 'rec6yjHpDrXcNuI0w', 'Mapletree Industrial'),
(333, 'recL18U0hqyGZH9I1', 'PAIX Data Centres'),
(135, 'recQ9XfqEfJ40Z29V', 'BW Digital'),
(313, 'recQrVRAsWF3vHxlZ', 'Novva'),
(85, 'recvKSHKjXb97jm9y', 'ABB'),
(298, 'recnBIp2xsl9bit8p', 'Motivair Corporation'),
(301, 'rec8xNIyt5STVh6NW', 'Nabiax'),
(152, 'recv36AWPuQU8SCiN', 'CISA'),
(214, 'recfIlvfrxBXjA8bn', 'Evoque Data Center Solutions'),
(3, 'recCxIdv9w86SAWxq', 'Williams Companies'),
(3, 'rec22lTM5lpQa6Kpy', 'Enbridge'),
(216, 'recrZL5HruewSv03F', 'Expedient'),
(185, 'recs45SwaKGvhbZuO', 'DG Matrix'),
(146, 'recKEwoluNwXeCJyF', 'Chemours'),
(291, 'recjB8SLXc89Jo9wu', 'MISO'),
(416, 'rec3fkzTY1J5UcaAs', 'Vantage Data Centers'),
(330, 'rec2YVVgqDyzmb2J5', 'Opus Interactive'),
(194, 'recknBsFVKFj5R9EO', 'du'),
(325, 'recNncJYZVJapR4wR', 'OpCore'),
(422, 'rec7NlG3aX9mdE4Ww', 'Virtus Data Centers'),
(157, 'rec9vOFPESPplsFTV', 'Cohesity'),
(305, 'reciIlZaqgXsCWgjs', 'NeoFan'),
(381, 'receM1tHyecErMib9', 'Stellium Datacenters'),
(111, 'recS6kAPc46SStl1a', 'Ares Management / Ada Infrastructure'),
(378, 'recT4XflnwV9um2mX', 'Stargate (OpenAI/SoftBank/Oracle)'),
(306, 'recnpbRHEEL9qJhUq', 'NetApp'),
(203, 'rec7cGTP43LBCeWDG', 'Element Critical'),
(384, 'rec2B13ey4R43lH9e', 'Sumitomo Chemical'),
(166, 'rec3vF86qiNiObYHw', 'CPPIB (Canada)'),
(90, 'rec0mRsWwR8T6cApN', 'Adgar'),
(322, 'receKx4kBjp48EtCL', 'Olkaria EcoCloud Data Center'),
(86, 'recy1uaHmZRpGKeqw', 'Accelsius'),
(165, 'rec0EOXflB3bwqKeE', 'CoreWeave'),
(83, 'recerwhA3Xg4wj3B6', '21st Century Technologies'),
(182, 'recnodZLOJEABYz0F', 'DEEP (Data Center)'),
(201, 'rechq9N4aVM75kLlA', 'Efficient Power Conversion (EPC)'),
(173, 'rec5XlZcot1i7vAkF', 'Daikin'),
(363, 'recItKWuGHBfEdYLs', 'Schneider Electric'),
(167, 'reclUBkjVh4m9V4Lv', 'Crane Data Centers'),
(375, 'rec0uWOVvnVh6hNIl', 'Solvay'),
(228, 'recKtUJYU9wufOmBq', 'GIGABYTE Technology'),
(133, 'recEEcx32bGXCO2K8', 'Broadcom');

insert into faraday_briefing_companies (briefing_id, company_id)
select l.briefing_id, l.company_id from _briefing_company_links l
where exists (select 1 from tracking_companies t where t.company_id = l.company_id)
on conflict do nothing;

update faraday_briefings b
set unmapped_links = jsonb_set(b.unmapped_links, '{companies}',
  (select jsonb_agg(jsonb_build_object('id', l.company_id, 'name', l.company_name))
   from _briefing_company_links l
   where l.briefing_id = b.briefing_id
     and not exists (select 1 from tracking_companies t where t.company_id = l.company_id)))
where exists (select 1 from _briefing_company_links l
   where l.briefing_id = b.briefing_id
     and not exists (select 1 from tracking_companies t where t.company_id = l.company_id));

-- ── Non-canon link names preserved (JPS sub-domain, Rack Revolution theme) ──
update faraday_briefings set unmapped_links = '{"themes": ["The Rack Revolution"]}'::jsonb where briefing_id = 9;
update faraday_briefings set unmapped_links = '{"themes": ["The Rack Revolution"]}'::jsonb where briefing_id = 16;
update faraday_briefings set unmapped_links = '{"themes": ["The Rack Revolution"]}'::jsonb where briefing_id = 17;
update faraday_briefings set unmapped_links = '{"subdomains": ["Jurisdiction Posture Intelligence (JPS)"]}'::jsonb where briefing_id = 71;

-- ── Verification ────────────────────────────────────────────────────────────
do $$
declare n int;
begin
  select count(*) into n from faraday_briefings;
  raise notice 'faraday_briefings rows: % (expected 436)', n;
  select count(*) into n from faraday_briefing_subdomains;
  raise notice 'subdomain links: %', n;
  select count(*) into n from faraday_briefing_companies;
  raise notice 'company links kept: % of 366 staged', n;
end $$;

commit;
